index,date,open,high,low,volume,close,returns,mfi,close_diff_day1,close_diff_day2,close_diff_day3,normal_amplitude,normal_volume,normal_close,normal_close_diff_day1,normal_close_diff_day2,normal_close_diff_day3,normal_returns,normal_mfi,normal_weekday,rate_day1,rate_day2,rate_day3,bummpy_day1_g000,bummpy_day1_g0005,bummpy_day1_g001,bummpy_day1_g002,bummpy_day1_g003,bummpy_day1_s000,bummpy_day1_s0005,bummpy_day1_s001,bummpy_day1_s002,bummpy_day1_s003,bummpy_day2_g000,bummpy_day2_g0005,bummpy_day2_g001,bummpy_day2_g002,bummpy_day2_g003,bummpy_day2_s000,bummpy_day2_s0005,bummpy_day2_s001,bummpy_day2_s002,bummpy_day2_s003
14,2018-07-23,77.620003,77.779999,76.699997,3315900,73.00660699999999,-0.009966970060517428,57.585933407967595,0.0,0.0,0.0,-0.6507920886897999,-0.27949906961632764,-0.3186057731149665,0.12490256987122406,0.08647950334685994,-0.004625273490317494,-0.10551050892843994,0.22955497604841524,1,1.0,1.0,1.0,1,1,1,1,1,0,0,0,0,0,1,1,1,1,1,0,0,0,0,0
15,2018-07-24,77.68,78.41999799999999,77.089996,3754400,73.557449,0.007516776059111863,60.91479998683874,0.5508420000000172,0.0,0.0,-0.5185171663748698,-0.14998375520571838,-0.2822765997088217,0.2729283778207749,0.08647950334685994,-0.004625273490317494,0.24483304200495687,0.3069644605706907,2,0.007545097938875823,1.0,1.0,1,1,0,0,0,0,0,0,0,0,1,1,1,1,1,0,0,0,0,0
16,2018-07-25,77.360001,79.08000200000001,77.129997,3136500,75.010559,0.01956217033214439,67.61402797418174,1.4531099999999952,2.0039520000000124,0.0,-0.19047377173475066,-0.33248663496470465,-0.18644097866285492,0.5153916425809384,0.4550539871554983,-0.004625273490317494,0.4862015778514665,0.4627483506457566,3,0.01975476338229178,0.027448912945646314,1.0,1,1,1,0,0,0,0,0,0,0,1,1,1,1,0,0,0,0,0,0
17,2018-07-26,78.940002,80.300003,78.940002,3256400,75.941315,0.012331980662610318,69.1830992999464,0.9307560000000024,2.3838659999999976,2.9347080000000147,-0.5026447047967646,-0.29707298343030997,-0.1250556882841085,0.3750213133655259,0.5249292169223134,0.42269495677011226,0.34132128129404676,0.49923554519932,4,0.012408333072147913,0.03240822013824864,0.0401978412720922,1,1,1,0,0,0,0,0,0,0,1,1,1,1,1,0,0,0,0,0
18,2018-07-27,80.120003,80.910004,79.959999,2096700,76.520653,0.007599807296240614,69.73199620907344,0.5793379999999928,1.5100939999999952,2.9632039999999904,-0.7195734609945013,-0.6396018548601472,-0.0868471445224328,0.28058600636639536,0.36422174295764737,0.4268442340683957,0.24649684209991593,0.511999597402879,5,0.007628759128018692,0.02013175238435425,0.04028421377146984,1,1,0,0,0,0,0,0,0,0,1,1,1,1,0,0,0,0,0,0
19,2018-07-30,81.0,81.489998,79.690002,2813000,75.846329,-0.008851371783254564,62.26504693199094,-0.6743239999999986,-0.09498600000000579,0.8357699999999966,-0.26984348702092265,-0.4280355613314826,-0.13132021216782874,-0.05630611595841423,0.06900931647659098,0.11707045529931205,-0.08315587970898183,0.33836311159065846,1,-0.008812313716141426,-0.0012507816068237135,0.011142031350546215,0,0,0,0,0,1,1,0,0,0,0,0,0,0,0,1,0,0,0,0
20,2018-07-31,80.199997,83.550003,80.129997,4753400,78.989983,0.04061174049012748,71.93592949646533,3.143653999999998,2.4693299999999994,3.048667999999992,0.5873033005767698,0.14508078093156485,0.07601029511905111,0.9696855081072746,0.5406480812884369,0.43928857134453286,0.9079979768788977,0.5632498760356575,2,0.04144767507468948,0.032270111442985194,0.04014505147823674,1,1,1,1,1,0,0,0,0,0,1,1,1,1,1,0,0,0,0,0
21,2018-08-01,83.220001,83.629997,82.32,3613800,78.230194,-0.009665361398215411,73.3461852033414,-0.7597889999999978,2.383865,1.7095410000000015,-0.5291018056585023,-0.19151135658800267,0.02590063330480863,-0.07927282088724655,0.5249290329985055,0.24429947601104426,-0.09946680130307431,0.596043971181067,3,-0.009618801918212818,0.03143019617996278,0.02234090971492365,0,0,0,0,0,1,1,0,0,0,1,1,1,1,1,0,0,0,0,0
22,2018-08-02,81.230003,81.699997,80.779999,2317100,77.713188,-0.006630712860102455,68.0331698715748,-0.517005999999995,-1.2767949999999928,1.8668590000000052,-0.7354501553701249,-0.5745045337744042,-0.008196985660370082,-0.014030610359699436,-0.14835349567429668,0.2672064105285879,-0.03865777688675104,0.47249507898411136,4,-0.006608778191192968,-0.016164011581063297,0.024613702793710758,0,0,0,0,0,1,1,0,0,0,0,0,0,0,0,1,1,1,0,0
23,2018-08-03,81.309998,81.739998,80.739998,1861800,78.096153,0.004915825569230042,68.02065770132974,0.38296499999999867,-0.1340409999999963,-0.8938299999999941,-0.6931211220299623,-0.7089818944383732,0.01706035109587578,0.22781538977493107,0.06182617213723415,-0.13477506740973827,0.1927145644091225,0.47220412089793484,5,0.004927928062866223,-0.0017134177118363827,-0.011315738604475888,1,0,0,0,0,0,0,0,0,0,0,0,0,0,0,1,0,0,0,0
24,2018-08-06,81.720001,81.900002,81.08000200000001,1830800,77.73233,-0.004669539920817068,67.61776587961319,-0.36382299999999645,0.019142000000002213,-0.49786399999999276,-0.788359066096721,-0.7181380512154061,-0.006934531023031987,0.027133711422472437,0.09000017288837876,-0.0771188091737226,0.0006406827707206852,0.46283527192234897,1,-0.004658654569066884,0.00024631597921323485,-0.0063640900596513,0,0,0,0,0,1,0,0,0,0,1,0,0,0,0,0,0,0,0,0
25,2018-08-07,81.349998,82.82,81.339996,2823800,79.063141,0.016975528049571635,68.43219033436269,1.330810999999997,0.9669880000000006,1.3499529999999993,-0.43915115478652833,-0.42484567445432275,0.08083521708950236,0.48252666807568767,0.2643316190408215,0.19194018610591992,0.4343698115886526,0.48177390335463466,2,0.01712043109990395,0.012382018356269106,0.017370964114868114,1,1,1,0,0,0,0,0,0,0,1,1,1,0,0,0,0,0,0,0
26,2018-08-08,82.5,82.620003,81.699997,1499900,78.421677,-0.008146404912518838,69.39860262290154,-0.6414639999999991,0.6893469999999979,0.3255240000000015,-0.7354459225726064,-0.8158726408128305,0.03852933465897035,-0.04747576524219796,0.21326682893651033,0.042773987572553525,-0.0690295823414703,0.504246860837104,3,-0.008113312877362147,0.008868214808432964,0.004168246289929307,0,0,0,0,0,1,1,0,0,0,1,1,0,0,0,0,0,0,0,0
27,2018-08-09,81.910004,82.610001,81.470001,2096100,78.230194,-0.0024446959253633304,69.39106835055826,-0.19148300000000518,-0.8329470000000043,0.49786399999999276,-0.619047165533597,-0.6397790707977672,0.02590063330480863,0.07344602555615054,-0.0667192811374758,0.06786826219308761,0.04522264708813868,0.5040716588202838,4,-0.0024417100899283904,-0.010535212609375136,0.00640485110892717,0,0,0,0,0,1,0,0,0,0,0,0,0,0,0,1,1,1,0,0
28,2018-08-10,81.160004,81.239998,80.260002,2144500,77.119598,-0.014298247927870458,71.24770892990477,-1.110596000000001,-1.3020790000000062,-1.9435430000000053,-0.7037052322139145,-0.6254836518297546,-0.04734547840811487,-0.17354393603343538,-0.15300382524737152,-0.2876228467688326,-0.19230170674982905,0.5472459906191542,5,-0.014196513433163685,-0.016603559753000516,-0.02458216275520859,0,0,0,0,0,1,1,1,0,0,0,0,0,0,0,1,1,1,0,0
29,2018-08-13,81.519997,81.519997,79.870003,3273700,76.707901,-0.00535272283120755,62.316427136124204,-0.41169699999998954,-1.5222929999999906,-1.7137759999999957,-0.34920949860925654,-0.29196325722893357,-0.07449775020980987,0.014268701982786375,-0.1935064228033156,-0.25416667758734957,-0.01304910230883348,0.33955790718320333,1,-0.005338422536901574,-0.019459148982808233,-0.021853345472323878,0,0,0,0,0,1,1,0,0,0,0,0,0,0,0,1,1,1,0,0
30,2018-08-14,80.269997,80.650002,79.83000200000001,2878800,76.727051,0.000249617181089592,54.503259114696476,0.019149999999996226,-0.3925469999999933,-1.5031429999999943,-0.788359066096721,-0.4086008801724903,-0.07323476795586448,0.13004868113767296,0.014280764107783256,-0.22349659318357062,0.09921194746932738,0.15787044849576426,2,0.0002496483380505513,-0.0050901069271651715,-0.019214358588961117,1,0,0,0,0,0,0,0,0,0,0,0,0,0,0,1,1,0,0,0
31,2018-08-15,79.400002,79.739998,78.75,2158200,76.23877,-0.006384206030559135,47.312221866116836,-0.48828100000000063,-0.4691310000000044,-0.880827999999994,-0.6984131771219384,-0.6214372212540983,-0.10543791354012644,-0.006311443460026073,0.0001951431607722237,-0.13288185771601538,-0.03371821316850532,-0.009349977257015585,3,-0.006363870286113311,-0.006115810677703257,-0.011421584433051557,0,0,0,0,0,1,1,0,0,0,0,0,0,0,0,1,1,0,0,0
32,2018-08-16,80.220001,80.989998,80.18,2360400,77.081299,0.010990570072390314,47.70141250721812,0.842528999999999,0.35424799999999834,0.37339799999999457,-0.7936511211886971,-0.5617154502761617,-0.04987137696392896,0.3513123860180013,0.15163414464577385,0.04974487827223634,0.31444177010566854,-0.0002997356222904646,4,0.0110511882602513,0.004616989645542331,0.004867790607384688,1,1,1,0,0,0,0,0,0,0,1,0,0,0,0,0,0,0,0,0
33,2018-08-17,80.610001,81.190002,80.309998,1664300,77.55043,0.006067738392159863,53.905136599226516,0.4691310000000044,1.3116600000000034,0.8233790000000027,-0.7566109683423681,-0.7673154739049532,-0.018931213633613275,0.2509704719360253,0.3277250059499347,0.11526621277393838,0.21579687331418362,0.143961703730332,5,0.0060861844064149,0.017204632236328097,0.01073127390234251,1,1,0,0,0,0,0,0,0,0,1,1,1,0,0,0,0,0,0,0
34,2018-08-20,81.269997,81.849998,81.150002,1741700,77.885529,0.004311737403751962,49.53795472175453,0.3350989999999996,0.804230000000004,1.646759000000003,-0.8518531452066451,-0.7444546179519747,0.003169261056453543,0.2149525301467385,0.23439654782368416,0.23515784464730738,0.18060969903746044,0.042407228673909,1,0.004321046317860514,0.010433529408994573,0.02160002056696354,1,0,0,0,0,0,0,0,0,0,1,1,1,0,0,0,0,0,0,0
35,2018-08-21,81.440002,82.370003,81.379997,2936600,78.536552,0.00832397516860776,48.39947784889725,0.651022999999995,0.9861219999999946,1.455252999999999,-0.6984089443244275,-0.39152907818176463,0.04610557938074322,0.29984966099487964,0.2678508171918711,0.2072728257574365,0.26100789380136724,0.01593308025721285,2,0.008358715776328553,0.012715880492216414,0.018879456092196878,1,1,0,0,0,0,0,0,0,0,1,1,1,0,0,0,0,0,0,0
36,2018-08-22,81.93,81.989998,81.16999799999999,2307600,78.019554,-0.006604659410117291,48.399514244967726,-0.516998000000001,0.13402499999999407,0.46912399999999366,-0.7883590660967135,-0.5773104527867208,0.012008488032170916,-0.014028460548205918,0.11112989177554998,0.06368345627110686,-0.038135711528479804,0.015933926611666482,3,-0.006582896585528748,0.001720794629256406,0.006049276580413463,0,0,0,0,0,1,1,0,0,0,1,0,0,0,0,0,0,0,0,0
37,2018-08-23,81.349998,81.660004,80.470001,1846600,77.473831,-0.00701927275754506,42.517858150970774,-0.5457229999999953,-1.0627209999999963,-0.41169800000000123,-0.5925905937715397,-0.7134713648580797,-0.02398307669731814,-0.02174762744787928,-0.10898019030228742,-0.06457225429991015,-0.046443834479266866,-0.12083814147404237,4,-0.0069946952016669475,-0.013531546432035827,-0.0052859370063468554,0,0,0,0,0,1,1,0,0,0,0,0,0,0,0,1,1,1,0,0
38,2018-08-24,81.349998,81.709999,80.959999,1139000,78.201462,0.009348128207004763,41.22643593180191,0.7276310000000024,0.18190800000000706,-0.3350899999999939,-0.8253960443449,-0.9224680272912544,0.024005698259360386,0.3204362558721765,0.11993671549598525,-0.05341743133292537,0.28153012111559234,-0.15086888194318282,5,0.009391958427872275,0.002331569339655634,-0.004266675725718057,1,1,0,0,0,0,0,0,0,0,1,0,0,0,0,0,0,0,0,0
39,2018-08-27,82.0,83.18,81.839996,2144700,79.551407,0.017115098588020017,39.90937986203318,1.349944999999991,2.0775759999999934,1.5318529999999981,-0.5132251112828862,-0.625424579850548,0.11303737339262376,0.48766847971914573,0.4685951936294657,0.2184264838515121,0.43716655993486625,-0.18149571213663118,1,0.017262401053320345,0.026816487234250664,0.01963421887800074,1,1,1,0,0,0,0,0,0,0,1,1,1,1,0,0,0,0,0,0
40,2018-08-28,83.41999799999999,83.879997,83.349998,2764000,80.010979,0.005760421140979779,47.26215615721954,0.45957200000000853,1.8095169999999996,2.537148000000002,-0.9417985050817324,-0.442508196237115,0.14334710082918267,0.24840171592579166,0.41929276145780847,0.36480659760717643,0.2096387755984634,-0.010514205569012391,2,0.005777044270254184,0.023139170978670444,0.03274845153842982,1,1,0,0,0,0,0,0,0,0,1,1,1,1,0,0,0,0,0,0
41,2018-08-29,83.540001,83.839996,83.07,2092700,80.010979,0.0,47.20705710943649,0.0,0.45957200000000853,1.8095169999999996,-0.8148161669584588,-0.6407832944442805,0.14334710082918267,0.12490256987122406,0.17100573584789072,0.2588568927422883,0.09421005777140223,-0.011795479175358059,3,0.0,0.005777044270254184,0.023139170978670444,0,0,0,0,0,0,0,0,0,0,1,1,0,0,0,0,0,0,0,0
42,2018-08-30,83.279999,83.480003,82.709999,1418500,79.302483,-0.008894423131659408,48.24910232166616,-0.7084960000000109,-0.7084960000000109,-0.24892400000000237,-0.8148119341609479,-0.8399149363499425,0.09662031884531075,-0.06548903575983409,-0.04382977925097045,-0.04087087645911292,-0.08401855308397957,0.012436246793952943,4,-0.008854984764028581,-0.008854984764028581,-0.003129096132768618,0,0,0,0,0,1,1,0,0,0,0,0,0,0,0,1,1,0,0,0
43,2018-08-31,82.550003,83.25,82.540001,1887900,79.599289,0.003735721023623343,50.40078587004699,0.2968060000000037,-0.4116900000000072,-0.4116900000000072,-0.8465605610149812,-0.7012730011519037,0.11619529069201828,0.204662188698898,0.010759910642453824,-0.06457108942700303,0.16906734291828218,0.062471509664627556,5,0.0037427075265727013,-0.005145418855579897,-0.005145418855579897,1,0,0,0,0,0,0,0,0,0,0,0,0,0,0,1,1,0,0,0
44,2018-09-04,83.089996,83.129997,81.910004,2861400,79.24503299999999,-0.0044604249352806265,50.28641780582591,-0.35425600000000657,-0.05745000000000289,-0.7659460000000138,-0.5767228940906408,-0.41374014236347,0.09283137208347458,0.029704617244199566,0.07591308055090115,-0.11615399153894768,0.004830979637590091,0.059811993974405286,2,-0.004450492013816939,-0.0007244413772013027,-0.009573011223872335,0,0,0,0,0,1,0,0,0,0,0,0,0,0,0,1,0,0,0,0
45,2018-09-05,82.620003,84.660004,82.410004,2506600,80.95881700000001,0.02139585756388601,58.09398281265286,1.7137840000000182,1.3595280000000116,1.6563340000000153,-0.031746510455274324,-0.5185338334760907,0.20585898456886387,0.5854416377908959,0.3365290708132422,0.23655205190906864,0.5229454479393726,0.24136916012480802,3,0.021626390136023015,0.017079650045618015,0.02088628170696768,1,1,1,1,0,0,0,0,0,0,1,1,1,0,0,0,0,0,0,0
46,2018-09-06,84.550003,84.91999799999999,84.209999,1631200,81.064133,0.0013000135453935082,57.17932615770391,0.10531599999998775,1.819100000000006,1.4648439999999994,-0.8465605610149812,-0.777091886463656,0.2128047933968782,0.15320376329876334,0.4210553033142704,0.20866936276501202,0.12026004492165795,0.2200997284738473,4,0.0013008589292996678,0.022955381948039647,0.01840272719018884,1,0,0,0,0,0,0,0,0,0,1,1,1,1,0,0,0,0,0,0
47,2018-09-07,84.389999,84.389999,83.239998,3133400,80.240753,-0.010209078867033722,48.92712666204959,-0.8233800000000002,-0.7180640000000125,0.9957200000000057,-0.6137556395413089,-0.3334022506424079,0.1585011731225503,-0.09636140373554053,-0.04558956225030458,0.14036063300358767,-0.1103619439931447,0.028203029102313204,5,-0.010157143110381508,-0.008869497191393155,0.012565077738058433,0,0,0,0,0,1,1,1,0,0,0,0,0,0,0,1,1,0,0,0
48,2018-09-10,84.559998,85.68,84.559998,2214100,81.619431,0.017035830666197047,49.85705990690383,1.3786780000000078,0.5552980000000076,0.6606139999999954,-0.6296281011194065,-0.6049266030658359,0.24942784925334038,0.4953897964303203,0.188612026336418,0.0915661454151614,0.4355781700659816,0.0498277026717493,1,0.017181767972690984,0.006850107186121483,0.008159877138520876,1,1,1,0,0,0,0,0,0,0,1,1,0,0,0,0,0,0,0,0
49,2018-09-11,84.860001,85.489998,84.349998,2259900,81.437515,-0.002231319547426641,41.25701863490859,-0.18191600000000108,1.1967620000000068,0.37338200000000654,-0.619047165533597,-0.5913991198275099,0.2374301114095445,0.07601693137788149,0.3065925282056357,0.049742548526422084,0.0494983347708669,-0.15015771157131752,2,-0.002228832004476986,0.014914640693862965,0.004606007443513971,0,0,0,0,0,1,0,0,0,0,1,1,1,0,0,0,0,0,0,0
50,2018-09-12,85.099998,86.16999799999999,84.690002,2872900,82.308769,0.010641612141889849,49.88722142474337,0.8712539999999933,0.6893379999999922,2.068016,-0.4391553875840467,-0.4103435035590869,0.29489112136665874,0.35903155291767475,0.21326517362223316,0.2964967029728429,0.30744926634466707,0.050529078798743354,3,0.010698435481485323,0.00844575846160937,0.025772639496541117,1,1,1,0,0,0,0,0,0,0,1,1,0,0,0,0,0,0,0,0
51,2018-09-13,86.43,87.33000200000001,86.300003,2016100,83.007675,0.008455422183773494,56.13234010878299,0.698906000000008,1.5701600000000013,1.3882440000000003,-0.6772486604518572,-0.6634078624804325,0.3409854229424196,0.3127170889725031,0.375269310436535,0.19751570467093643,0.26364186101512443,0.19575310825680448,4,0.008491270231486612,0.01928054901969935,0.01700874391050337,1,1,0,0,0,0,0,0,0,0,1,1,1,0,0,0,0,0,0,0
52,2018-09-14,86.900002,87.410004,86.57,1544100,83.438515,0.005176939913545257,56.82398553973735,0.43083999999998923,1.1297459999999973,2.0009999999999906,-0.7777749559127614,-0.8028177334081579,0.3694002153335276,0.24068066794105336,0.2942666902579588,0.28673856262254677,0.19794683705602006,0.2118366354916268,5,0.005190363421213631,0.01372570643110939,0.024570985497285747,1,1,0,0,0,0,0,0,0,0,1,1,1,0,0,0,0,0,0,0
53,2018-09-17,87.160004,87.639999,86.849998,2562800,83.419365,-0.00022953665819175305,57.56536372991459,-0.019149999999996226,0.411689999999993,1.110596000000001,-0.8042315276748186,-0.5019346073190184,0.36813723307958224,0.11975645860477514,0.16219909605126343,0.15708762552597658,0.08961054646815819,0.22907664862460697,1,-0.0002295103166684621,0.004959661862592742,0.013493045923211426,0,0,0,0,0,1,0,0,0,0,1,0,0,0,0,0,0,0,0,0
54,2018-09-18,87.239998,87.529999,86.029999,2353800,83.227875,-0.002298148883585975,49.45629900181924,-0.19149000000000171,-0.21063999999999794,0.2201999999999913,-0.42857127740008716,-0.5636648255899815,0.3555080700608899,0.07344414447109324,0.04773779233309797,0.02743785330231143,0.048159192302406076,0.040508406045028034,2,-0.0022955101612197803,-0.0025244936346242256,0.0026527667471711656,0,0,0,0,0,1,0,0,0,0,0,0,0,0,0,1,0,0,0,0
55,2018-09-19,87.16999799999999,88.349998,86.900002,1798300,84.261894,0.012347406569584062,55.74319070022783,1.0340190000000007,0.842528999999999,0.8233790000000027,-0.4550283782618323,-0.7277372478364889,0.4237037696557797,0.40277081141813215,0.24144064576384694,0.11526621277393838,0.341630389364398,0.18670382544396813,3,0.012423950509369616,0.010099921043513085,0.009868092690767601,1,1,1,0,0,0,0,0,0,0,1,1,1,0,0,0,0,0,0,0
56,2018-09-20,88.510002,88.839996,87.209999,2787600,84.558678,0.0035159732279381162,62.03515104940249,0.2967840000000024,1.330803000000003,1.1393130000000014,-0.35978990509538566,-0.4355377026907288,0.44327729055681697,0.20465627671728606,0.3312458594152615,0.161269082438347,0.16466398321931502,0.3330171112799458,4,0.0035221615122964407,0.015989871181980832,0.013657656108986222,1,0,0,0,0,0,0,0,0,0,1,1,1,0,0,0,0,0,0,0
57,2018-09-21,87.709999,89.459999,87.309998,3942700,84.731018,0.002036037202589597,69.78172062387515,0.1723400000000055,0.46912400000000787,1.5031430000000086,-0.08465595028155826,-0.09436748678264473,0.4546434713215648,0.17121488400490598,0.1727625760662891,0.21424604620293772,0.1350086657188656,0.5131558892598138,5,0.0020381113337652403,0.005567451403359245,0.018060571653427514,1,0,0,0,0,0,0,0,0,0,1,1,0,0,0,0,0,0,0,0
58,2018-09-24,88.25,88.389999,87.16999799999999,2157900,83.72573100000001,-0.011935395166298948,70.91046048073201,-1.0052869999999956,-0.8329469999999901,-0.5361629999999877,-0.5767186612931224,-0.6215258292229082,0.388342706772125,-0.14524462369094954,-0.06671928113747319,-0.08269549261164623,-0.14495428925945789,0.5394036130447266,1,-0.011864450867331672,-0.00985052060534804,-0.00636305421760384,0,0,0,0,0,1,1,1,0,0,0,0,0,0,0,1,1,0,0,0
59,2018-09-25,87.730003,87.800003,86.870003,2542100,83.438515,-0.0034363362920351638,63.44750952708174,-0.287216000000015,-1.2925030000000106,-1.1201630000000051,-0.7301581002781412,-0.508048557166908,0.3694002153335276,0.047720037573325394,-0.1512425708575708,-0.1677312148954636,0.025351916586129314,0.3658601042709393,2,-0.00343043884561623,-0.015254189439810701,-0.013247167842430142,0,0,0,0,0,1,0,0,0,0,0,0,0,0,0,1,1,1,0,0
60,2018-09-26,87.339996,87.760002,86.790001,2315900,83.20874,-0.0027576229276623444,57.479964617143466,-0.2297749999999894,-0.5169910000000044,-1.522278,-0.7089935836080675,-0.5748589656496442,0.3542460770880842,0.06315595283475003,-0.008607450312066112,-0.2262828235703879,0.0389521398170857,0.22709077711499726,3,-0.0027538241781986344,-0.006174816198379974,-0.017966006262311162,0,0,0,0,0,1,0,0,0,0,0,0,0,0,0,1,1,0,0,0
61,2018-09-27,87.33000200000001,87.33000200000001,86.550003,1694100,83.065125,-0.0017274517040106298,59.787141148367674,-0.14361500000001115,-0.37339000000000055,-0.6606060000000156,-0.8095235827667948,-0.7585137490031605,0.344774369704254,0.08630942263721551,0.01780419250642723,-0.10081552752289133,0.05959496098905069,0.28074187479417256,4,-0.0017259605180899402,-0.0044750317044832425,-0.007890119227505049,0,0,0,0,0,1,0,0,0,0,0,0,0,0,0,1,0,0,0,0
62,2018-09-28,86.849998,87.089996,86.449997,2304900,83.036415,-0.00034569216258807835,53.02030142245092,-0.028709999999989577,-0.17232500000000073,-0.40209999999999013,-0.8835975392631601,-0.5781079245060107,0.34288088560447605,0.11718743386810532,0.054784833054196506,-0.06317469802853859,0.08728299426096958,0.12338574092181287,5,-0.0003456324179370052,-0.0020709963881198144,-0.004819117406391882,0,0,0,0,0,1,0,0,0,0,0,0,0,0,0,1,0,0,0,0
63,2018-10-01,87.470001,87.709999,86.790001,1960100,83.72573100000001,0.008267103086296327,59.376987261339046,0.6893160000000051,0.6606060000000156,0.5169910000000044,-0.7354501553701249,-0.6799480166582983,0.388342706772125,0.310140002442724,0.20798067475759913,0.07065332770699775,0.25986827720377814,0.2712041537057952,1,0.008301369947149152,0.007952868306645124,0.006213181451852346,1,1,0,0,0,0,0,0,0,0,1,1,0,0,0,0,0,0,0,0
64,2018-10-02,87.449997,87.93,87.190002,1903300,84.108696,0.004563612740232678,58.22413196023417,0.38296499999998446,1.0722809999999896,1.043571,-0.830688099436876,-0.6967244587529906,0.41360004352837,0.22781538977492727,0.2836975086048722,0.14732817469366016,0.18565683820153958,0.2443956492275039,2,0.004574041879669996,0.012913382640616042,0.012563286939013214,1,0,0,0,0,0,0,0,0,0,1,1,1,0,0,0,0,0,0,0
65,2018-10-03,88.269997,89.019997,87.389999,2880600,83.984245,-0.001480740618836467,59.37097643225682,-0.12445099999999343,0.25851399999999103,0.9478299999999962,-0.3597893759956978,-0.40806923235963033,0.40539224172754906,0.09145929607378667,0.13402638276677742,0.13338741255808645,0.06453861763123377,0.27106437784822246,3,-0.0014796448633562626,0.0030876290587417026,0.011414630556967039,0,0,0,0,0,1,0,0,0,0,1,0,0,0,0,0,0,0,0,0
66,2018-10-04,87.559998,88.57,86.980003,1936900,83.96508,-0.00022822360355640985,54.01126676433937,-0.019165000000000987,-0.14361599999999441,0.23934899999999004,-0.38095389266577906,-0.6868003662462712,0.4041282701924649,0.1197524277082205,0.06006510167124146,0.030226122216716673,0.08963685777583608,0.14642965526248264,4,-0.00022819756253093643,-0.0017075047745359697,0.002858726906785562,0,0,0,0,0,1,0,0,0,0,0,0,0,0,0,1,0,0,0,0
67,2018-10-05,87.809998,88.209999,86.309998,2365600,82.97895799999999,-0.011813940541290627,46.590067502353,-0.9861220000000088,-1.0052870000000098,-1.1297380000000032,-0.21693087259649602,-0.5601795788167884,0.3390914771781075,-0.14009448152794984,-0.09841671028726698,-0.16912542215722282,-0.1425205519864757,-0.02614295940874456,5,-0.011744429946353994,-0.011969947458597857,-0.01343188105068236,0,0,0,0,0,1,1,1,0,0,0,0,0,0,0,1,1,1,0,0
68,2018-10-08,86.43,86.839996,85.540001,1750700,82.97895799999999,0.0,47.46583971100441,0.0,-0.9861220000000088,-1.0052870000000098,-0.5343938607504859,-0.7417963788876748,0.3390914771781075,0.12490256987122406,-0.09489181049815384,-0.15100422237307473,0.09421005777140223,-0.005777746918423032,1,0.0,-0.011744429946353994,-0.011969947458597857,0,0,0,0,0,0,0,0,0,0,0,0,0,0,0,1,1,1,0,0
69,2018-10-09,86.459999,86.739998,84.75,3364500,81.313057,-0.02028045121861176,40.054863725695974,-1.665900999999991,-1.665900999999991,-2.652023,-0.16931348786218803,-0.26514457866910845,0.2292218479441912,-0.32276907007082045,-0.2199193530884675,-0.3907839915010872,-0.3121745491569114,-0.17811262944898998,2,-0.0200761860615313,-0.0200761860615313,-0.03158483264709567,0,0,0,0,0,1,1,1,1,0,0,0,0,0,0,1,1,1,1,0
70,2018-10-10,84.720001,84.839996,81.690002,3974100,78.268486,-0.038161562033732756,30.88863464782814,-3.044571000000005,-4.710471999999996,-4.710471999999996,0.4444400352803617,-0.08509318604719862,0.028426070196091224,-0.6932541468184231,-0.779888446531696,-0.6905129255753956,-0.6704805903645082,-0.3912641785181207,3,-0.037442584405601734,-0.05676706617598158,-0.05676706617598158,0,0,0,0,0,1,1,1,1,1,0,0,0,0,0,1,1,1,1,1
71,2018-10-11,81.690002,82.089996,79.260002,3285400,76.14302099999999,-0.027531617252628433,19.99253082618371,-2.1254650000000055,-5.17003600000001,-6.835937000000001,0.2751281347172452,-0.2885075464453438,-0.11175275885777669,-0.44626606631389454,-0.8644132076422603,-1.0,-0.45747517520025627,-0.6446422458423806,4,-0.027156076584897857,-0.06358186730084457,-0.08238157196430451,0,0,0,0,0,1,1,1,1,0,0,0,0,0,0,1,1,1,1,1
72,2018-10-12,81.199997,81.709999,78.690002,3586800,76.372795,0.00301311929303144,19.351826031239284,0.22977400000000614,-1.8956909999999993,-4.940262000000004,0.3756586629756602,-0.1994860737809021,-0.09659868656440818,0.18664891818126567,-0.2621832050342175,-0.723972443766489,0.1545876739460841,-0.6595411992045839,5,0.0030176632997002597,-0.024220361180871692,-0.060756072668624476,1,0,0,0,0,0,0,0,0,0,0,0,0,0,0,1,1,1,1,0
73,2018-10-15,79.800003,80.040001,79.040001,2135700,75.788795,-0.007676087868828581,19.688332138637364,-0.5840000000000032,-0.35422599999999704,-2.4796910000000025,-0.6931211220299623,-0.6280828189148479,-0.13511469890404193,-0.032033669272732795,0.021328908371732375,-0.36569088175346026,-0.05960525519650284,-0.6517160840504894,1,-0.007646701944062715,-0.0046521138161828,-0.031681857242006735,0,0,0,0,0,1,1,0,0,0,0,0,0,0,0,1,0,0,0,0
74,2018-10-16,79.760002,80.349998,79.199997,1911500,76.841949,0.013800243469830413,25.184232943764357,1.0531540000000064,0.4691540000000032,0.6989280000000093,-0.6137556395413089,-0.6943025076055175,-0.06565700633634552,0.40791289178803025,0.17276809378054198,0.09714501298979028,0.37074268801462384,-0.5239143718969465,2,0.013895906380356178,0.00614294658196028,0.009179147226112941,1,1,1,0,0,0,0,0,0,0,1,1,0,0,0,0,0,0,0,0
75,2018-10-17,80.730003,80.739998,78.889999,1806000,76.411102,-0.005622702220706055,25.210189978264168,-0.430847,0.6223070000000064,0.0383070000000032,-0.24338691525886536,-0.7254629766370323,-0.0940722603919859,0.009122590716333645,0.2009365768174337,0.0009525748205153279,-0.018459014884122146,-0.5233107668521811,3,-0.005606924415725061,0.008211068667868469,0.000501579129060331,0,0,0,0,0,1,1,0,0,0,1,1,0,0,0,0,0,0,0,0
76,2018-10-18,79.209999,79.68,77.879997,1952300,75.042015,-0.018079843068656815,25.61281858336497,-1.3690869999999933,-1.7999339999999933,-0.7467799999999869,-0.2698397833230922,-0.6822518238473582,-0.18436639016258827,-0.24300730143165306,-0.24457121290762673,-0.11336324726960884,-0.2680782285976344,-0.5139480387174462,4,-0.01791738326192434,-0.023423846263972214,-0.009853435458368047,0,0,0,0,0,1,1,1,0,0,0,0,0,0,0,1,1,1,1,0
77,2018-10-19,78.220001,78.720001,77.08000200000001,2107500,73.998428,-0.014004306947581613,19.774404712159082,-1.0435870000000023,-2.4126739999999955,-2.8435209999999955,-0.35449785000341716,-0.6364119679829874,-0.2531931192199188,-0.15553684622385122,-0.35726868730267436,-0.41866784551804886,-0.18641164599885424,-0.6497145518803172,5,-0.013906702798425685,-0.03157491433640095,-0.03700480059400882,0,0,0,0,0,1,1,1,0,0,0,0,0,0,0,1,1,1,1,1
78,2018-10-22,77.57,77.940002,76.480003,3526500,73.29950699999999,-0.009489966649745678,13.530814204435089,-0.6989210000000128,-1.742508000000015,-3.1115950000000083,-0.44973579407016084,-0.21729627551171116,-0.2992884100768185,-0.06291598012660962,-0.23400920428307548,-0.45770186301036475,-0.09595219873600963,-0.7949030451166499,1,-0.009445079022489677,-0.023220431914041953,-0.040721765797854984,0,0,0,0,0,1,1,0,0,0,0,0,0,0,0,1,1,1,1,0
79,2018-10-23,74.57,74.769997,73.239998,4793000,70.37941,-0.040653134290609384,4.922395373307651,-2.9200969999999984,-3.619018000000011,-4.662605000000013,-0.41269881582198187,0.15677703281448419,-0.4918748691263497,-0.6598046923129338,-0.579144070094104,-0.6835430541395088,-0.720407320363251,-0.9950832711728708,2,-0.039837880492156634,-0.048906687585309395,-0.062133259614630724,0,0,0,0,0,1,1,1,1,1,0,0,0,0,0,1,1,1,1,1
80,2018-10-24,73.510002,73.849998,70.199997,4325800,67.39228100000001,-0.04337026265773508,4.710959599371023,-2.9871289999999817,-5.90722599999998,-6.606146999999993,0.7089935836080674,0.018784889387718717,-0.6888822277292199,-0.6778179628305623,-1.0,-0.9665404818089066,-0.7748537984788266,-1.0,3,-0.042443223096072874,-0.08059025553882622,-0.08927415322930904,0,0,0,0,0,1,1,1,1,1,0,0,0,0,0,1,1,1,1,1
81,2018-10-25,71.230003,72.790001,70.849998,4193500,69.125191,0.025388736811793298,13.611305317635868,1.7329099999999897,-1.254218999999992,-4.17431599999999,-0.19576582682672683,-0.020291224857489132,-0.5745932158397098,0.5905812996228528,-0.14420123177453056,-0.6124437257178588,0.6029557320391609,-0.793031304260154,4,0.025713775736422834,-0.01782082287987342,-0.05694875955986976,1,1,1,1,0,0,0,0,0,0,0,0,0,0,0,1,1,1,0,0
82,2018-10-26,71.370003,72.949997,70.58000200000001,4471600,68.943291,-0.002634925836901476,12.951535080939053,-0.18189999999999884,1.551009999999991,-1.4361189999999908,0.031742806757443676,0.0618483622293764,-0.5865898984502911,0.07602123100087232,0.371747169504547,-0.21373728796036737,0.04141077392056875,-0.8083736055256976,5,-0.002631457466786585,0.02301465356247536,-0.02040538560922848,0,0,0,0,0,1,0,0,0,0,1,1,1,1,0,0,0,0,0,0
83,2018-10-29,73.449997,73.68,69.970001,3191500,68.005013,-0.013702874064974368,13.173756245106802,-0.9382779999999968,-1.1201779999999957,0.6127319999999941,0.7407385067642778,-0.3162418406828722,-0.6484712803441379,-0.12723753388136538,-0.11954790056490477,0.08459408984256939,-0.18037146068970317,-0.8032060731657797,1,-0.01360941704973145,-0.016205061914403907,0.009092020494157096,0,0,0,0,0,1,1,1,0,0,0,0,0,0,0,1,1,1,0,0
84,2018-10-30,68.43,70.879997,67.699997,7647900,67.353989,-0.00961929403076096,12.439643248324629,-0.6510240000000067,-1.5893020000000035,-1.7712020000000024,0.4603162005562973,0.9999999999999996,-0.6914076646205034,-0.0500447899788716,-0.20583097328433392,-0.26252842653918335,-0.09854369220587539,-0.8202771414455069,2,-0.009573176612730104,-0.023052308309448172,-0.025623104607407195,0,0,0,0,0,1,1,0,0,0,0,0,0,0,0,1,1,1,1,0
85,2018-10-31,71.360001,73.120003,71.150002,5767100,68.61776,0.018589264336983335,22.855896045340174,1.2637710000000055,0.6127469999999988,-0.325530999999998,-0.17989389434831704,0.4444871075405379,-0.6080593436779163,0.46451124774656183,0.19917826520856616,-0.052025553816982505,0.4667062512357114,-0.578057532889097,3,0.01876312032536047,0.009010321047949785,-0.004721721218675186,1,1,1,0,0,0,0,0,0,0,1,1,0,0,0,0,0,0,0,0
86,2018-11-01,71.790001,74.110001,71.269997,3604600,71.26545,0.037860244393836534,29.97798014671517,2.647689999999997,3.9114610000000027,3.260436999999996,0.28042442260673206,-0.19422866763150926,-0.43343869177462224,0.836406869561396,0.8058903071049401,0.47012406770124776,0.8528628298595936,-0.41244054405841524,4,0.03858607450899005,0.058073189993246024,0.047944068476245945,1,1,1,1,1,0,0,0,0,0,1,1,1,1,1,0,0,0,0,0
87,2018-11-02,74.41999799999999,74.58000200000001,72.889999,3366600,70.77262900000001,-0.006939307840211884,35.8012038378409,-0.4928209999999922,2.154869000000005,3.4186400000000106,-0.3280407491416645,-0.26452432288743855,-0.4659412597835777,-0.007531461483505919,0.48281121655667414,0.49315986628424024,-0.04484147804507299,-0.2770272634393982,5,-0.006915286439642101,0.03140395431153691,0.05075631081033687,0,0,0,0,0,1,1,0,0,0,1,1,1,1,1,0,0,0,0,0
88,2018-11-05,73.639999,74.279999,73.279999,3648800,71.26545,0.006939307840211901,37.6926419508494,0.4928209999999922,0.0,2.647689999999997,-0.6931211220299623,-0.18117376022683662,-0.43343869177462224,0.25733660122595403,0.08647950334685994,0.3809025202316577,0.2332615935878778,-0.23304374957221752,1,0.00696344062617756,0.0,0.03858607450899005,1,1,0,0,0,0,0,0,0,0,0,0,0,0,0,0,0,0,0,0
89,2018-11-06,73.57,75.349998,73.5,2897900,72.74391899999999,0.020533677181923282,42.3738384541648,1.4784689999999898,1.971289999999982,1.4784689999999898,-0.2433874443585533,-0.40295950615825393,-0.3359305920352984,0.5222062762940389,0.44904666772361124,0.2106532869364438,0.5056688680522505,-0.1241871764163156,2,0.020745943511196376,0.027853847283248186,0.020745943511196376,1,1,1,1,0,0,0,0,0,0,1,1,1,1,0,0,0,0,0,0
90,2018-11-07,75.959999,76.160004,74.66999799999999,3514300,72.879189,0.0018578100792431957,47.61655945793059,0.13527000000000555,1.6137389999999954,2.1065599999999876,-0.4338590996945447,-0.22089966624331758,-0.3270092547250547,0.16125319498938123,0.38328452608536007,0.30210906064357285,0.1314373073361378,-0.002272908968191878,3,0.0018595368775774313,0.022644058235793015,0.029765179417031228,1,0,0,0,0,0,0,0,0,0,1,1,1,1,0,0,0,0,0,0
91,2018-11-08,75.129997,75.68,73.849998,4239800,71.73895300000001,-0.015769247379253875,45.92371545765305,-1.1402359999999874,-1.0049659999999818,0.473503000000008,-0.25396732174498693,-0.006616061671146367,-0.40221018596836533,-0.18150898762286127,-0.09835767074474658,0.06432107857912406,-0.22177795101078568,-0.04163831407930618,4,-0.01564556378364731,-0.013815120408896061,0.006644215394696981,0,0,0,0,0,1,1,1,0,0,0,0,0,0,0,1,1,1,0,0
92,2018-11-09,73.66999799999999,74.050003,72.75,3027400,70.956238,-0.01097055681668701,46.44699015250086,-0.7827150000000103,-1.9229509999999976,-1.787680999999992,-0.5343896279529674,-0.3647103996219395,-0.45383186507524353,-0.08543364317939772,-0.26719696805280413,-0.2649279191205431,-0.1256206240845639,-0.029470081008980964,5,-0.010910599712822825,-0.02638546101274532,-0.024574988872952973,0,0,0,0,0,1,1,1,0,0,0,0,0,0,0,1,1,1,1,0
93,2018-11-12,73.5,73.610001,72.400002,2161200,70.06723000000001,-0.012608111108035759,48.68315237138199,-0.8890079999999898,-1.671723,-2.8119589999999874,-0.5820107163851059,-0.6205511415659983,-0.5124637881883123,-0.11399738233577666,-0.22099015750131634,-0.4140721306777707,-0.15843433467907048,0.022529649400904184,1,-0.012528961865199079,-0.023302863090293495,-0.03858384044312002,0,0,0,0,0,1,1,1,0,0,0,0,0,0,0,1,1,1,1,0
94,2018-11-13,72.519997,73.800003,72.010002,2402900,69.87397,-0.0027620189459714836,50.34021718079827,-0.1932600000000093,-1.0822679999999991,-1.8649830000000094,-0.2751318384150683,-0.5491626546947457,-0.5252096863813911,0.0729684986777953,-0.11257534898623217,-0.2761837948122981,0.03886405133456862,0.06106304498097437,2,-0.002758208081010328,-0.015252612462346146,-0.0259967970260175,0,0,0,0,0,1,0,0,0,0,0,0,0,0,0,1,1,1,0,0
95,2018-11-14,72.970001,73.91999799999999,71.900002,2843500,69.92229499999999,0.0006913632767638132,49.12232826035051,0.04832499999999129,-0.14493500000001802,-1.0339430000000078,-0.15344155538377824,-0.4190270845024664,-0.5220225523123627,0.1378887749339472,0.05982250616787996,-0.15517679712952134,0.10806376301906907,0.03274224830632311,3,0.0006916023234402066,-0.0020685133406874797,-0.014571558881123431,1,0,0,0,0,0,0,0,0,0,0,0,0,0,0,1,0,0,0,0
96,2018-11-15,72.0,74.33000200000001,71.639999,2648700,71.487717,0.02214109069738939,56.03376262366166,1.5654220000000123,1.6137470000000036,1.4204869999999943,0.201058940118086,-0.4765631922497565,-0.4187797217152154,0.5455728461609703,0.38328599747582925,0.20221057931750583,0.5378786104594843,0.1934607867930429,4,0.022388023734060968,0.023095109666732883,0.020273200467607954,1,1,1,1,0,0,0,0,0,0,1,1,1,1,0,0,0,0,0,0
97,2018-11-16,73.639999,74.529999,73.43,2379900,71.73895300000001,0.0035082328965412328,61.64616437910205,0.2512360000000058,1.816658000000018,1.8649830000000094,-0.6402116822036782,-0.5559559323035119,-0.40221018596836533,0.19241632496980599,0.4206061613740162,0.2669332478316631,0.16450888057892948,0.3239716127835166,5,0.0035143939482639485,0.025981098017449487,0.026690668928644093,1,0,0,0,0,0,0,0,0,0,1,1,1,1,0,0,0,0,0,0
98,2018-11-19,73.93,74.480003,73.07,1911000,71.004547,-0.010289960384865727,69.01423684970834,-0.734406000000007,-0.4831700000000012,1.082252000000011,-0.47618866213439515,-0.694450187553534,-0.45064578623942886,-0.07245173773966163,-0.002386963186180341,0.15296048081294303,-0.1119826674907442,0.495308816711292,1,-0.010237199865462308,-0.00675878347045271,0.015477924458858382,0,0,0,0,0,1,1,1,0,0,0,0,0,0,0,1,1,0,0,0
99,2018-11-20,72.660004,73.32,72.339996,2043300,70.492401,-0.00723900046949992,61.312081385264435,-0.5121460000000013,-1.2465520000000083,-0.9953160000000025,-0.7037009994164035,-0.6553740733083263,-0.484422878115617,-0.012724599876414111,-0.1427910879350799,-0.14955235390236832,-0.050846791735567276,0.31620284472751403,2,-0.007212862015724166,-0.017376222371129506,-0.013922895313610344,0,0,0,0,0,1,1,0,0,0,0,0,0,0,0,1,1,1,0,0
100,2018-11-21,73.349998,74.769997,73.050003,3035900,71.584335,0.015371348338768487,60.80620303897321,1.0919339999999949,0.5797879999999935,-0.15461800000001347,-0.3121725203610777,-0.36219984050565635,-0.4124075640435878,0.4183341030106344,0.19311632040557147,-0.02713906340141344,0.402224868944633,0.3044391464567757,3,0.015490095166427865,0.00816550523165782,-0.002155286542863449,1,1,1,0,0,0,0,0,0,0,1,1,0,0,0,0,0,0,0,0
101,2018-11-23,73.370003,74.82,73.370003,1260600,71.594002,0.00013503439440980142,58.65127159334884,0.00966700000000742,1.1016010000000023,0.589455000000001,-0.45502784916214445,-0.8865522639336032,-0.41177000532563035,0.12750034833664492,0.28909015466888666,0.08120474650763827,0.09691590976170063,0.2543283569630159,5,0.0001350435119639991,0.015627230515243794,0.008301651442125262,1,0,0,0,0,0,0,0,0,0,1,1,1,0,0,0,0,0,0,0
102,2018-11-26,74.910004,75.559998,74.290001,2784400,72.56031,0.013406778616208126,57.74169790191597,0.966307999999998,0.9759750000000054,2.067909,-0.5502657932289031,-0.43648285435803535,-0.34803998674363257,0.38457507564984994,0.2659845423074416,0.29648112279769845,0.3628583437189379,0.2331771245778722,1,0.013497052448611518,0.01363391864993934,0.0293352045137461,1,1,1,0,0,0,0,0,0,0,1,1,1,0,0,0,0,0,0,0
103,2018-11-27,74.58000200000001,75.410004,74.260002,2316100,72.811554,0.0034565732768358755,57.073064438114905,0.2512439999999998,1.2175519999999977,1.2272190000000052,-0.6137551104416209,-0.5747998936704376,-0.3314699233801761,0.19241847478129948,0.31041630418349253,0.17406899716965069,0.1634737125729651,0.21762871777307446,2,0.003462554115328336,0.017006340838440596,0.017143680946397073,1,0,0,0,0,0,0,0,0,0,1,1,1,0,0,0,0,0,0,0
104,2018-11-28,75.629997,76.629997,74.400002,2207800,73.99045600000001,0.01606146051252665,55.46579159233352,1.1789020000000079,1.4301460000000077,2.3964540000000056,-0.042331149738914275,-0.6067873704108457,-0.2537188891691846,0.4417047037741166,0.34951740231898526,0.3443202689924526,0.41605350428642357,0.18025318483093433,3,0.016191139115091648,0.0197097559257948,0.0334728319838861,1,1,1,0,0,0,0,0,0,0,1,1,1,0,0,0,0,0,0,0
105,2018-11-29,76.300003,76.690002,75.589996,1716400,73.449318,-0.0073404945647357394,65.11864014606648,-0.5411380000000037,0.6377640000000042,0.889008000000004,-0.6402079785058478,-0.7519272233216175,-0.28940806363056293,-0.020515516734739364,0.20377948712478103,0.12482239328380926,-0.05288055506525602,0.4047205862758587,4,-0.007313618934852944,0.008759104358629734,0.012251987346801633,0,0,0,0,0,1,1,0,0,0,1,1,0,0,0,0,0,0,0,0
106,2018-11-30,75.57,77.0,75.25,3137800,74.348,0.01216115539737437,74.48670884375538,0.8986819999999938,0.3575439999999901,1.536445999999998,-0.2962963550851495,-0.33210266709986136,-0.23013812013500434,0.36640218162870297,0.15224035751845255,0.21909526650981612,0.33789824314178774,0.6225657151434982,5,0.012235402920963728,0.004832298911632469,0.021101678450648066,1,1,1,0,0,0,0,0,0,0,1,0,0,0,0,0,0,0,0,0
107,2018-12-03,78.760002,79.16999799999999,77.32,2002200,75.381943,0.013810990828608422,80.93863704644822,1.0339430000000078,1.9326250000000016,1.391486999999998,-0.2433874443585533,-0.6675133650352957,-0.16194743289788427,0.40275038820893044,0.4419352536695552,0.19798791502601557,0.37095804619997386,0.7725988944590088,1,0.01390680314198106,0.02631236140272945,0.01880630388330081,1,1,1,0,0,0,0,0,0,0,1,1,1,1,0,0,0,0,0,0
108,2018-12-04,77.989998,78.199997,74.839996,2632900,72.463684,-0.03948223755641052,80.10225425999099,-2.918259000000006,-1.8843159999999983,-0.9856340000000046,0.5555546737227364,-0.4812298786070829,-0.3544126720318683,-0.6593107731219314,-0.2600910717129984,-0.1481425664654647,-0.6969446072336549,0.7531496438420271,2,-0.03871297135442643,-0.025344541884112528,-0.01341923964494816,0,0,0,0,0,1,1,1,1,1,0,0,0,0,0,1,1,1,1,0
109,2018-12-06,73.5,73.5,71.16999799999999,3913000,70.820961,-0.022930509813509404,69.51457123121801,-1.6427230000000037,-4.56098200000001,-3.527039000000002,0.010582522884888368,-0.1031396756948344,-0.4627536640500187,-0.3165405287165797,-0.7523936764051921,-0.5181942955591261,-0.36527706688768785,0.5069435955898645,4,-0.022669603714876044,-0.060504967350072276,-0.047439594878140666,0,0,0,0,0,1,1,1,1,0,0,0,0,0,0,1,1,1,1,1
110,2018-12-07,73.41999799999999,74.389999,70.989998,3322200,68.849686,-0.02822935167960115,60.77267902594009,-1.9712749999999915,-3.613997999999995,-6.532257000000001,0.5767186612931297,-0.2776383022713178,-0.5927633425171601,-0.4048311370097699,-0.5782207725756379,-0.9557814244124163,-0.4714565471031379,0.3036595788452401,5,-0.02783462653097847,-0.049873230292845655,-0.08665546071159244,0,0,0,0,0,1,1,1,1,0,0,0,0,0,0,1,1,1,1,1
111,2018-12-10,71.190002,71.66999799999999,69.449997,2213600,68.926979,0.0011220043409909826,54.3645046416434,0.07729299999999739,-1.893981999999994,-3.5367049999999978,-0.0476189720333795,-0.6050742830138525,-0.5876657087127635,0.14567324235778806,-0.2618688792455604,-0.5196017532502134,0.1166930532516524,0.1546438511000101,1,0.001122634023341768,-0.02674324060640739,-0.0488065856546846,1,0,0,0,0,0,0,0,0,0,0,0,0,0,0,1,1,1,1,0
112,2018-12-11,72.800003,72.870003,70.5,1597200,68.5308,-0.005764389617050919,59.430389513626814,-0.3961790000000036,-0.3188860000000062,-2.2901609999999977,0.03174703955496194,-0.7871341229287888,-0.6137945362002704,0.018438798830446815,0.027828775762664806,-0.3380935864718646,-0.02129818134297598,0.2724459700189401,2,-0.005747807400640664,-0.00463162606144647,-0.032337333010773434,0,0,0,0,0,1,1,0,0,0,0,0,0,0,0,1,0,0,0,0
113,2018-12-12,72.019997,72.400002,71.07,2304300,68.714394,0.0026754176836482567,65.51151925318143,0.18359399999999937,-0.21258500000000424,-0.13529200000000685,-0.5185171663748622,-0.5782851404436307,-0.6016861307730741,0.17423913132566815,0.04738006052564443,-0.0243250216739176,0.14782072708139604,0.41385659952264175,3,0.002678999807385867,-0.003084205968174004,-0.001965034379387102,1,0,0,0,0,0,0,0,0,0,0,0,0,0,0,1,0,0,0,0
114,2018-12-13,71.57,71.75,70.389999,2180700,68.414833,-0.004369039089151892,58.31435453298698,-0.2995609999999971,-0.11596699999999771,-0.5121460000000013,-0.5026447047967646,-0.6147916235933486,-0.6214428005889525,0.04440260970991902,0.0651504110513183,-0.07919839853272632,0.006662191416732105,0.2464936855060973,4,-0.004359508722437355,-0.0016921880380791952,-0.007430269067791311,0,0,0,0,0,1,0,0,0,0,0,0,0,0,0,1,0,0,0,0
115,2018-12-14,70.029999,71.25,69.93,2818600,68.202248,-0.0031121316606116593,52.33282827495618,-0.21258500000000424,-0.5121460000000013,-0.32855200000000195,-0.5238092214668458,-0.42638154591369604,-0.6354632226492622,0.06777536028489092,-0.007716339460082641,-0.05246543894886562,0.03184840772851911,0.10739923599300294,5,-0.003107293998656757,-0.007453256445803791,-0.004794223911000629,0,0,0,0,0,1,0,0,0,0,0,0,0,0,0,1,1,0,0,0
116,2018-12-17,70.389999,70.790001,68.699997,3079400,66.849419,-0.02003491377231058,44.18122765883874,-1.3528289999999998,-1.565414000000004,-1.8649750000000012,-0.11640034433807323,-0.349351685028207,-0.7246851035694917,-0.2386383470206917,-0.20143740134787014,-0.2761826299393889,-0.30725441017550087,-0.0821581363962196,1,-0.019835548529133523,-0.02288120764688564,-0.027140965545006498,0,0,0,0,0,1,1,1,0,0,0,0,0,0,0,1,1,1,1,0
117,2018-12-18,69.879997,70.139999,68.300003,3025700,66.559517,-0.004346072534661014,36.98541351059108,-0.2899019999999979,-1.6427309999999977,-1.855316000000002,-0.24867949945052936,-0.36521251144519606,-0.743804742284019,0.04699823836384255,-0.2156578384464783,-0.2747761915120956,0.007122400813390314,-0.24948964420415387,2,-0.004336642028257537,-0.02408617088398608,-0.027118622068404406,0,0,0,0,0,1,0,0,0,0,0,0,0,0,0,1,1,1,1,0
118,2018-12-19,68.940002,70.120003,67.449997,4465400,65.718826,-0.012711110530565842,29.089112490196044,-0.8406909999999925,-1.1305929999999904,-2.4834219999999902,0.190478533631957,0.06001713087396965,-0.7992500589446676,-0.10101332708454705,-0.12146346703000224,-0.36623414935592574,-0.16049826212267282,-0.433110278176447,3,-0.012630665574090517,-0.016912532927174588,-0.036412612088680574,0,0,0,0,0,1,1,1,0,0,0,0,0,0,0,1,1,1,0,0
119,2018-12-20,67.589996,68.57,66.459999,3873000,64.849144,-0.01332171836174091,23.278151617041758,-0.8696820000000116,-1.7103730000000041,-2.000275000000002,-0.10581993785195176,-0.11495407153616699,-0.8566073922384305,-0.10880397521643992,-0.22809881269824983,-0.29588354299589614,-0.17273377013896907,-0.5682383991486385,4,-0.013233376993070624,-0.025696896207945803,-0.02992209999611219,0,0,0,0,0,1,1,1,0,0,0,0,0,0,0,1,1,1,1,0
120,2018-12-21,67.25,68.690002,66.190002,5798100,64.134079,-0.011087834668707818,14.27848213212873,-0.7150649999999956,-1.5847470000000072,-2.4254379999999998,0.10052841185966344,0.45364326431757074,-0.9037674134090468,-0.0672542997237626,-0.20499320033680474,-0.35779115051876154,-0.12797066616603073,-0.7775167703876009,5,-0.011026591191396384,-0.024114049146282786,-0.03644013822996942,0,0,0,0,0,1,1,1,0,0,0,0,0,0,0,1,1,1,1,0
121,2018-12-24,65.940002,66.230003,64.57,2060700,62.67495,-0.023014030037247883,9.21313412064103,-1.4591289999999972,-2.174193999999993,-3.0438760000000045,-0.3439137398194575,-0.6502348111173466,-1.0,-0.2672039672621337,-0.3134065374614184,-0.44784135945327913,-0.36695066541509036,-0.895306405149161,1,-0.022751227159588543,-0.03352694986999355,-0.04631665209600677,0,0,0,0,0,1,1,1,1,0,0,0,0,0,0,1,1,1,1,1
122,2018-12-26,65.32,67.82,64.459999,2643400,65.506241,0.044183574267086294,15.154601802708655,2.8312910000000002,1.372162000000003,0.6570970000000074,0.5555546737227364,-0.478128599698733,-0.8132704810049773,0.8857453121008992,0.33885276420930915,0.09105403816298477,0.979571249574654,-0.7571434780153917,3,0.04517420436713552,0.021395208622236594,0.010132701211908169,1,1,1,1,1,0,0,0,0,0,1,1,1,1,0,0,0,0,0,0
123,2018-12-27,66.660004,68.730003,66.269997,3272000,66.41458100000001,0.013771205203915952,23.027494320274783,0.9083400000000097,3.73963100000001,2.2805020000000127,0.07936759888740519,-0.2924653690521902,-0.7533635723601435,0.36899754155619413,0.7742866790974653,0.32743660106393835,0.3701608121898543,-0.574067185516237,4,0.0138664650288819,0.059667075921081864,0.03555834956326437,1,1,1,0,0,0,0,0,0,0,1,1,1,1,1,0,0,0,0,0
124,2018-12-28,69.25,69.260002,68.040001,2190600,65.941086,-0.0071549187230792455,29.016291977934145,-0.473495000000014,0.4348449999999957,3.266135999999996,-0.5767186612931299,-0.6118675606226188,-0.7845915505497931,-0.0023380543641691454,0.16645785183612755,0.47095389403908244,-0.04916194128028484,-0.4348036468300964,5,-0.007129383229866554,0.0066382224557809035,0.052112303240768376,0,0,0,0,0,1,1,0,0,0,1,1,0,0,0,0,0,0,0,0
125,2018-12-31,68.519997,68.83000200000001,67.980003,2281300,66.346939,0.006135918551145832,29.02143157615849,0.40585300000000757,-0.06764200000000642,0.8406980000000033,-0.7724866045186083,-0.585078418052397,-0.7578247026797973,0.23396600046247945,0.07403852909508837,0.11778801701063946,0.217163083898512,-0.43468413058041444,1,0.006154781860887271,-0.0010184811675617799,0.012833861127827549,1,1,0,0,0,0,0,0,0,0,0,0,0,0,0,1,0,0,0,0
126,2019-01-02,67.720001,68.959999,67.599998,2766600,66.298622,-0.0007285129147586787,24.377499342750795,-0.04831700000001149,0.3575359999999961,-0.11595900000001791,-0.5026447047967646,-0.44174026050742843,-0.7610113091322193,0.11191851461999063,0.15223888612798597,-0.02150996068262984,0.07961193905525113,-0.5426741601677146,3,-0.0007282476136542107,0.005422052042030307,-0.001745987074736162,0,0,0,0,0,1,0,0,0,0,1,1,0,0,0,0,0,0,0,0
127,2019-01-03,68.239998,68.239998,66.220001,2803500,64.385323,-0.02928340925249536,18.597890816847993,-1.913298999999995,-1.9616160000000065,-1.555762999999999,-0.15344102628408263,-0.4308414803437991,-0.8871973500455894,-0.38925145310461684,-0.2743083821068654,-0.23115854473592462,-0.4925780087423799,-0.6770732134582198,4,-0.028858804938660644,-0.029566036196485363,-0.023593226838878555,0,0,0,0,0,1,1,1,1,0,0,0,0,0,0,1,1,1,1,0
128,2019-01-04,67.699997,68.540001,67.0,3801600,66.221313,0.02811665635950391,26.43485554908672,1.8359899999999953,-0.07730899999999963,-0.12562600000001112,-0.4074067607300058,-0.1360427681129457,-0.7661099981698305,0.61828162073751,0.07226053763871837,-0.022917563982830288,0.6576184464520961,-0.49483238590676637,5,0.0285156603159387,-0.0011660725014767221,-0.0018934709256143846,1,1,1,1,0,0,0,0,0,0,0,0,0,0,0,1,0,0,0,0
129,2019-01-07,68.75,69.629997,68.160004,2342300,66.41458100000001,0.0029142659796835397,32.11281504820835,0.19326800000001754,2.029258000000013,0.11595900000001791,-0.44444797177570317,-0.5670614643943647,-0.7533635723601435,0.17683879087615015,0.45970836305235685,0.012259413701994851,0.15260682724521873,-0.362797079729247,1,0.002918516580908288,0.031517400324294606,0.0017490408775014648,1,0,0,0,0,0,0,0,0,0,1,1,1,1,1,0,0,0,0,0
130,2019-01-08,69.33000200000001,69.75,67.75,4316500,65.88310200000001,-0.008034635937639105,31.265180181559913,-0.5314790000000045,-0.33821099999998694,1.4977790000000084,-0.16402143277021186,0.016038042354608928,-0.7884157157201717,-0.01791988808081582,0.024274448164201975,0.2134649989181254,-0.06678992847806925,-0.3825079862903066,2,-0.008002444523439881,-0.0051072832095610515,0.02326273955323651,0,0,0,0,0,1,1,0,0,0,0,0,0,0,0,1,1,0,0,0
131,2019-01-09,68.959999,69.599998,68.849998,3184000,66.733459,0.012824471516972965,38.23868467877812,0.8503569999999883,0.3188779999999838,0.5121460000000013,-0.8253960443449,-0.31845703990312213,-0.7323329062936423,0.353415976565976,0.1451287595405833,0.06994785155209134,0.3511899326425079,-0.22034606851633287,3,0.012907057715648972,0.004801325178878772,0.0077338545069319505,1,1,1,0,0,0,0,0,0,0,1,0,0,0,0,0,0,0,0,0
132,2019-01-10,68.589996,70.349998,68.440002,2261300,67.82539399999999,0.016230206267455218,45.47899869383889,1.0919349999999923,1.9422919999999806,1.4108129999999761,-0.2116425212023505,-0.5909856159730633,-0.6603175262695373,0.4183343717370706,0.44371324512592264,0.20080195675350726,0.41943487270610325,-0.05197976052350173,4,0.01636263152491455,0.02948088267003549,0.02124251901852661,1,1,1,0,0,0,0,0,0,0,1,1,1,1,0,0,0,0,0,0
133,2019-01-11,69.629997,70.370003,69.629997,1676700,67.854378,0.000427241290483368,51.967777554523394,0.028984000000008336,1.1209190000000007,1.971275999999989,-0.8306838666393651,-0.7636530111941402,-0.6584059713009545,0.1326913369180558,0.29264319480069356,0.28241047733288194,0.10277122251202155,0.09891034422649359,5,0.0004273325710427623,0.016796956381355876,0.029920813382466247,1,0,0,0,0,0,0,0,0,0,1,1,1,0,0,0,0,0,0,0
134,2019-01-14,69.730003,70.540001,69.269997,1858800,68.00898000000001,0.00227584639457821,57.22594433627519,0.15460200000001123,0.18358600000001957,1.275521000000012,-0.5502620895310726,-0.7098679741264732,-0.6482096484589466,0.16644821446734673,0.12024533964658143,0.18110220856991335,0.13981402054916903,0.22118378789379367,1,0.0022784380987179815,0.0027067443205714306,0.019113665305435644,1,0,0,0,0,0,0,0,0,0,1,0,0,0,0,0,0,0,0,0
135,2019-01-15,70.540001,70.540001,69.220001,1814900,67.52583299999999,-0.007129519506260002,57.396100073807865,-0.48314700000001665,-0.3285450000000054,-0.2995609999999971,-0.5238092214668383,-0.7228342735623359,-0.6800741960854149,-0.004931801933035385,0.026052255696761374,-0.0482440851393956,-0.04865298560508255,0.2251405904927668,2,-0.007104164773534562,-0.004841913074496172,-0.0044166496106163,0,0,0,0,0,1,1,0,0,0,0,0,0,0,0,1,0,0,0,0
136,2019-01-16,69.800003,70.360001,69.730003,1791900,67.738419,0.003143272104619818,56.531671999167266,0.21258600000000172,-0.27056100000001493,-0.1159590000000037,-0.8888890652554482,-0.7296275511711021,-0.6660537080730293,0.1820300481839934,0.036716893806434885,-0.021509960682627772,0.15719570759424167,0.2050391745666278,3,0.0031482173644566775,-0.003978312863977888,-0.0017089391048578134,1,0,0,0,0,0,0,0,0,0,0,0,0,0,0,1,0,0,0,0
137,2019-01-17,69.58000200000001,71.309998,69.58000200000001,1440300,68.57911700000001,0.012334563598988381,54.330421652126496,0.8406980000000175,1.0532840000000192,0.5701370000000026,-0.30688046526910917,-0.8334760906164163,-0.6106079297478484,0.35082034791206007,0.2802035080155858,0.07839186965305163,0.34137303880049497,0.15385128504577783,4,0.012410948061837958,0.015598237788492285,0.0083832605635315,1,1,1,0,0,0,0,0,0,0,1,1,1,0,0,0,0,0,0,0
138,2019-01-18,71.440002,72.540001,71.260002,2472300,69.448792,0.01260160376259755,54.8550165497875,0.8696749999999867,1.7103730000000041,1.9229590000000059,-0.5449737381369195,-0.5286646779100335,-0.5532510581186187,0.3586072338738231,0.4010578193919697,0.27537508179592024,0.3467240544535783,0.166050218120688,5,0.012681338548001232,0.025249674043913015,0.028477382870641613,1,1,1,0,0,0,0,0,0,0,1,1,1,1,0,0,0,0,0,0
139,2019-01-22,71.449997,71.449997,69.709999,4081800,68.066971,-0.02009758708136528,52.00937916454603,-1.3818210000000022,-0.5121460000000155,0.32855200000000195,-0.30158841017712557,-0.05328292524441047,-0.6443850216240374,-0.24642926387901698,-0.007716339460085264,0.04321489196823063,-0.3085102731634859,0.09987774832961671,2,-0.01989697675374976,-0.00746795850404454,0.004850305112671762,0,0,0,0,0,1,1,1,0,0,0,0,0,0,0,1,1,0,0,0
140,2019-01-23,70.540001,70.800003,69.550003,2593400,67.786743,-0.004125443304992571,52.15795835171476,-0.2802279999999939,-1.6620489999999961,-0.7923740000000095,-0.5608461997150247,-0.4928965945003989,-0.6628666399560759,0.04959789791432072,-0.21921087857828514,-0.12000214919051667,0.011543422900582523,0.10333280968968173,3,-0.0041169453537163265,-0.023932007341466735,-0.011554158680695894,0,0,0,0,0,1,0,0,0,0,0,0,0,0,0,1,1,1,1,0
141,2019-01-24,70.129997,70.629997,69.860001,2997500,67.796402,0.0001424808373686538,59.94037579583294,0.009658999999999196,-0.27056899999999473,-1.652389999999997,-0.8148161669584588,-0.3735416605133356,-0.6622296088547257,0.1274981985251476,0.03671542241597093,-0.2452283165460582,0.09706512339418974,0.28430519425747813,4,0.0001424909882452856,-0.003975040993083044,-0.023792926448598227,1,0,0,0,0,0,0,0,0,0,0,0,0,0,0,1,0,0,0,0
142,2019-01-25,71.0,71.41999799999999,70.75,2733600,68.675751,0.012887041796022658,58.90601456483861,0.8793490000000048,0.889008000000004,0.6087800000000101,-0.8677250776850625,-0.4514871370765279,-0.6042347168430062,0.36120689342430506,0.2499892404572046,0.08401864262602098,0.35244373109023025,0.26025215163651194,5,0.012970437575728647,0.013114776734442073,0.008943838561583857,1,1,1,0,0,0,0,0,0,0,1,1,1,0,0,0,0,0,0,0
143,2019-01-28,69.800003,69.839996,67.970001,4635700,66.781769,-0.02796604335590545,49.28969590142522,-1.8939820000000083,-1.0146330000000034,-1.0049740000000043,-0.23280703787242418,0.1103169211684436,-0.7291467615057519,-0.38406046452320974,-0.1001356622011218,-0.1509586467205485,-0.4661803109645736,0.036634216492592575,1,-0.02757861359244558,-0.01496588270274289,-0.014825524217913881,0,0,0,0,0,1,1,1,1,0,0,0,0,0,0,1,1,1,0,0
144,2019-01-29,69.849998,71.25,69.440002,3605200,68.714394,0.028528572801070604,59.83915602204174,1.9326250000000016,0.03864299999999332,0.9179919999999981,-0.2645514319289466,-0.19405145169388915,-0.6016861307730741,0.6442499999664093,0.09358687107713226,0.1290427278294832,0.6658725281482553,0.2819514289962417,2,0.028939410095590635,0.000562687694525442,0.013540423575870562,1,1,1,1,0,0,0,0,0,0,1,0,0,0,0,0,0,0,0,0
145,2019-01-30,72.0,73.040001,70.949997,3652000,70.424774,0.024586407736823124,60.50201865967572,1.7103800000000007,3.6430050000000023,1.749022999999994,-0.11640034433807323,-0.18022860855952993,-0.488883019154132,0.5845268929997165,0.7565148571813236,0.25004841503023767,0.5868784671773374,0.2973656409727765,3,0.024891145805637182,0.05455089097744629,0.025467839441610095,1,1,1,1,0,0,0,0,0,0,1,1,1,1,1,0,0,0,0,0
146,2019-01-31,75.209999,76.519997,74.459999,6272200,73.681236,0.045203062381043095,64.72851344237256,3.256461999999999,4.966842,6.899467000000001,-0.1322765096140015,0.593673391026966,-0.2741125900864141,0.9999999999999999,1.0,0.9999999999999999,0.9999999999999999,0.39564857743567194,4,0.046240290384176444,0.07228240999986116,0.1033136304011354,1,1,1,1,1,0,0,0,0,0,1,1,1,1,1,0,0,0,0,0
147,2019-02-01,76.290001,76.58000200000001,75.269997,4160700,73.903488,0.003011858707130029,66.94691585229023,0.22225199999999745,3.4787139999999965,5.189093999999997,-0.5290975728609913,-0.029979029447381844,-0.2594546093081469,0.18462755792297425,0.7262978307658172,0.750954103716206,0.15456241401963955,0.44723532113536546,5,0.0030163989105719867,0.04939616845628779,0.07551684149321025,1,0,0,0,0,0,0,0,0,0,1,1,1,1,1,0,0,0,0,0
148,2019-02-04,76.730003,77.150002,76.010002,2862300,74.50259399999999,0.008073917813521818,71.8544950389245,0.5991059999999919,0.8213579999999894,4.0778199999999885,-0.619047165533597,-0.4134743184570401,-0.21994232490960552,0.2858981905708433,0.23754679481496385,0.5891424817209581,0.25599718379000036,0.5613561986438995,1,0.008106599785926098,0.011147451435260795,0.0579032032108472,1,1,0,0,0,0,0,0,0,0,1,1,1,0,0,0,0,0,0,0
149,2019-02-05,77.110001,77.209999,76.5,2497000,74.550919,0.0006484248605829963,76.22647517649523,0.0483250000000055,0.6474309999999974,0.8696829999999949,-0.8465605610149812,-0.5213692884780106,-0.21675519084057626,0.137888774933951,0.20555747858115103,0.12200849716542655,0.10720335260740368,0.6630222524710683,2,0.0006486351334291194,0.008760493144789019,0.011803317197339019,1,0,0,0,0,0,0,0,0,0,1,1,0,0,0,0,0,0,0,0
150,2019-02-06,76.440002,77.459999,76.440002,2475000,74.348,-0.0027255956857763406,71.05813082226956,-0.2029189999999943,-0.1545939999999888,0.4445120000000031,-0.6825407155438408,-0.5278672061907436,-0.23013812013500434,0.07037287002387557,0.05804598610198175,0.06009972476965404,0.03959390946829037,0.5428375401027243,3,-0.0027218846222404626,-0.0020750149988064685,0.006014763470974511,0,0,0,0,0,1,0,0,0,0,0,0,0,0,0,1,0,0,0,0
151,2019-02-07,76.629997,77.129997,75.699997,2465900,73.787529,-0.007567039158877826,66.35606606336555,-0.5604709999999926,-0.7633899999999869,-0.7150649999999814,-0.465608255648266,-0.5305549812446467,-0.2671023460802209,-0.025710804939137244,-0.0539260927925036,-0.10874525423496559,-0.05742011066240549,0.433495696399109,4,-0.007538481196535113,-0.010239846942731678,-0.00959785373379055,0,0,0,0,0,1,1,0,0,0,0,0,0,0,0,1,1,1,0,0
152,2019-02-08,75.860001,76.089996,75.120003,1903400,73.27538299999999,-0.0069650201189106085,61.83825032269796,-0.5121460000000155,-1.0726170000000081,-1.2755360000000024,-0.7089978164055785,-0.6966949227633873,-0.3008794379564099,-0.012724599876417941,-0.1108003003107979,-0.19035493968724948,-0.04535670693024804,0.32843838053327,5,-0.006940820582296711,-0.014426978533383657,-0.01710959458460871,0,0,0,0,0,1,1,0,0,0,0,0,0,0,0,1,1,1,0,0
153,2019-02-11,75.889999,75.980003,75.33000200000001,1785400,73.08213,-0.002640836242037437,64.71426564764165,-0.19325299999998435,-0.7053989999999999,-1.2658699999999925,-0.8783054841711916,-0.7315473904953187,-0.31362487448495546,0.07297037976286024,-0.04326016721617151,-0.1889474819961601,0.0412923397870244,0.395317259126702,1,-0.002637352301522387,-0.009559867494681924,-0.01702628180986701,0,0,0,0,0,1,0,0,0,0,0,0,0,0,0,1,1,0,0,0
154,2019-02-12,76.150002,76.849998,76.050003,2658200,74.08709,0.013657415875400186,70.44411342331126,1.004959999999997,0.8117070000000126,0.2995609999999971,-0.7989437053803611,-0.47375727323744,-0.24734567626434245,0.3949618898885349,0.23577174613953222,0.03899353815876061,0.36788067398962143,0.528559175615918,2,0.013751104408150076,0.011077485599768379,0.0040597781774207005,1,1,1,0,0,0,0,0,0,0,1,1,1,0,0,0,0,0,0,0
155,2019-02-13,77.07,77.83000200000001,76.860001,2120400,75.053398,0.012958540435186138,70.02501248566602,0.966307999999998,1.971267999999995,1.7780150000000106,-0.70899358360806,-0.6326018253241577,-0.18361565768234556,0.38457507564984994,0.44904262139982754,0.25426991444882285,0.353876438186298,0.5188133997557987,3,0.013042866172770423,0.026973324395443792,0.024264833934747373,1,1,1,0,0,0,0,0,0,0,1,1,1,1,0,0,0,0,0,0
156,2019-02-14,77.139999,77.839996,76.68,1898600,74.599228,-0.006069674906167478,65.01768431532224,-0.45417000000000485,0.5121379999999931,1.51709799999999,-0.6084672881471633,-0.6981126502643472,-0.21356911200476247,0.0028550840287390328,0.18067387476333335,0.2162780213818231,-0.027415562109375,0.402372958747909,4,-0.006051291641718938,0.006912648343996141,0.020758809301261335,0,0,0,0,0,1,1,0,0,0,1,1,0,0,0,0,0,0,0,0
157,2019-02-15,77.970001,78.809998,77.779999,2233300,76.07769,0.019624896369451784,73.78689081119587,1.4784620000000075,1.0242920000000026,1.9906000000000006,-0.6772486604518647,-0.5992556930619962,-0.11606147392996835,0.5222043952089854,0.27487118896074514,0.2852242278421515,0.48745849742098496,0.6062921421791545,5,0.019818730563807008,0.013647510003477826,0.026868378822815155,1,1,1,0,0,0,0,0,0,0,1,1,1,0,0,0,0,0,0,0
158,2019-02-19,78.309998,79.019997,78.050003,2001100,76.145332,0.0008887223964338036,72.92985111525789,0.06764199999999221,1.5461039999999997,1.0919339999999949,-0.7089972873058905,-0.6678382609209322,-0.11160034361031634,0.14307976351535803,0.3708448393002497,0.1543702682498446,0.11201849299061935,0.5863625356581914,2,0.0008891174271983311,0.02072546916973457,0.014548761669658112,1,0,0,0,0,0,0,0,0,0,1,1,1,1,0,0,0,0,0,0
159,2019-02-20,78.970001,79.779999,78.769997,2320500,77.03434,0.01160751906621409,72.18411408629275,0.889008000000004,0.9566499999999962,2.4351120000000037,-0.6878290669379863,-0.5735003101278909,-0.052968420497245816,0.3638025220782286,0.26243021470897354,0.34994922610212303,0.32680434387916546,0.5690211620604124,3,0.011675147729344776,0.012574645733854382,0.032642589813395975,1,1,1,0,0,0,0,0,0,0,1,1,1,0,0,0,0,0,0,0
160,2019-02-21,79.620003,79.809998,79.139999,1935200,77.005356,-0.00037631858663292225,68.71062815583633,-0.028983999999994126,0.8600240000000099,0.9276660000000021,-0.8677245485853746,-0.6873024780695278,-0.05487997546582779,0.11711380282439615,0.24465839279283572,0.13045135039347971,0.08666929453787557,0.4882486982198255,4,-0.00037624778767487494,0.011294507193165958,0.012193666763541349,0,0,0,0,0,1,0,0,0,0,1,1,1,0,0,0,0,0,0,0
161,2019-02-22,80.0,80.870003,79.75,2584200,78.068291,0.013708991405440414,67.32941770367722,1.062934999999996,1.0339510000000018,1.9229590000000059,-0.6296275720197261,-0.4956139055439054,0.015222794356480662,0.41054130506725184,0.2766477090266486,0.27537508179592024,0.3689141569864535,0.45613002161168303,5,0.013803390507018705,0.013421949224203152,0.025253800193556265,1,1,1,0,0,0,0,0,0,0,1,1,1,0,0,0,0,0,0,0
162,2019-02-25,81.510002,81.510002,80.709999,2233700,78.19390899999999,0.0016077852104978022,66.8086105537001,0.12561799999998868,1.1885529999999846,1.1595689999999905,-0.7989394725828427,-0.5991375491035829,0.0235075622299048,0.1586594474205112,0.3050826976619933,0.16421854064139502,0.1264272482939527,0.44401916884541937,1,0.0016090783900980833,0.015434679634491718,0.015052624582750895,1,0,0,0,0,0,0,0,0,0,1,1,1,0,0,0,0,0,0,0
163,2019-02-26,80.540001,81.199997,80.449997,1560200,77.778389,-0.00532813824436872,60.53555202378483,-0.41551999999998657,-0.2899019999999979,0.7730329999999981,-0.8253960443449,-0.7980624390820216,-0.003896844358046714,0.013241360814555417,0.0331596234270363,0.10793537634568265,-0.012556470387023774,0.2981454260342926,2,-0.00531396889238504,-0.003713441094797347,0.010038691334665058,0,0,0,0,0,1,1,0,0,0,0,0,0,0,0,1,0,0,0,0
164,2019-02-27,80.379997,80.68,79.699997,2082700,77.92334,0.0018619066442747323,61.13517200688374,0.14495099999999184,-0.27056899999999473,-0.14495100000000605,-0.7037015285160839,-0.6437368934046136,0.00566297499921653,0.1638547356249129,0.03671542241597093,-0.025731460101210923,0.1315193953011516,0.312088992921459,3,0.0018636410687291533,-0.0034602311543216846,-0.0018567205473987646,1,0,0,0,0,0,0,0,0,0,0,0,0,0,0,1,0,0,0,0
165,2019-02-28,80.660004,80.690002,79.699997,2560100,77.082642,-0.01084740385645242,60.704467662607996,-0.8406979999999891,-0.6957469999999972,-1.1112669999999838,-0.6984094734241079,-0.5027320790383083,-0.04978280332596263,-0.10101520816960435,-0.04148493461692665,-0.16643587622176734,-0.12315285515785171,0.3020733913700153,4,-0.010788782924345762,-0.008945248274556023,-0.014211682395875412,0,0,0,0,0,1,1,1,0,0,0,0,0,0,0,1,1,0,0,0
166,2019-03-01,81.25,81.360001,79.040001,4037800,77.52716099999999,0.005750220441528849,69.18721425239266,0.44451899999998545,-0.3961790000000036,-0.2512280000000118,0.005290467792904652,-0.06627876066987648,-0.02046585248829036,0.24435657687127524,0.013612752835459,-0.04120635985661756,0.2094343715054738,0.4993312343295844,5,0.00576678469323853,-0.005084214819334023,-0.003230048902144422,1,1,0,0,0,0,0,0,0,0,0,0,0,0,0,1,1,0,0,0
167,2019-03-04,81.269997,82.08000200000001,80.199997,4052900,78.56111899999999,0.013248568357700836,76.33687896807126,1.0339579999999984,1.4784769999999838,0.6377789999999948,-0.22751074998292964,-0.06181882623977342,0.04772582402996761,0.4027544191054812,0.3584066239056033,0.08824116130839606,0.3596880881352501,0.6655895829400784,1,0.013336719501440256,0.01918041418455771,0.00818469793517571,1,1,1,0,0,0,0,0,0,0,1,1,1,0,0,0,0,0,0,0
168,2019-03-05,81.150002,81.440002,80.68,3225500,78.077957,-0.0061691315435838815,67.44279359484908,-0.483161999999993,0.5507960000000054,0.9953149999999908,-0.8201039892529238,-0.3061996042177395,0.015860287122362315,-0.004935832829582376,0.18778400135073603,0.14030166131261812,-0.029408498364451266,0.4587664653035306,2,-0.006150141522296711,0.007104555266766514,0.0129123104005697,0,0,0,0,0,1,1,0,0,0,1,1,0,0,0,0,0,0,0,0
169,2019-03-06,80.730003,81.339996,80.540001,3900100,78.2229,0.0018546672658075983,58.36500829348815,0.14494299999999782,-0.33821899999999516,0.6957390000000032,-0.7989437053803611,-0.10694981835366413,0.025419578863019154,0.16385258581341938,0.024272976773732795,0.0966806655268389,0.1313743308772362,0.24767158837381764,3,0.0018563882249121584,-0.004305170347688087,0.008974132304419135,1,0,0,0,0,0,0,0,0,0,0,0,0,0,0,1,0,0,0,0
170,2019-03-07,80.120003,80.120003,78.739998,2853500,77.920692,-0.003870903358675894,56.794792571971136,-0.30220799999999315,-0.15726499999999533,-0.6404269999999883,-0.4920605946128124,-0.4160734855421332,0.005488333902170517,0.04369129083147136,0.057554725609587076,-0.09787728122157727,0.01664395616369488,0.21115778203417634,4,-0.0038634210697889386,-0.002014204854258614,-0.008151958731646737,0,0,0,0,0,1,0,0,0,0,0,0,0,0,0,1,0,0,0,0
171,2019-03-08,78.860001,79.699997,78.760002,2249600,77.38452099999999,-0.006904766682840196,50.92343104562274,-0.5361710000000102,-0.8383790000000033,-0.6934360000000055,-0.7248697488839957,-0.5944413267566531,-0.029873256598093256,-0.01918075252270679,-0.06771835526502384,-0.10559587471908445,-0.04414933394482434,0.07462510388981047,5,-0.00688098355184025,-0.010717820484794138,-0.008881328695626673,0,0,0,0,0,1,1,0,0,0,0,0,0,0,0,1,1,1,0,0
172,2019-03-11,79.199997,80.370003,79.150002,2394200,78.291138,0.011647642999285612,51.479724484489324,0.9066170000000113,0.37044600000000116,0.06823800000000801,-0.5767186612931299,-0.5517322857902356,0.02992001661992294,0.36853452590543245,0.15461334249519004,0.0053108011966750395,0.32760835699474766,0.0875611550428097,1,0.01171574092963645,0.004754141557161751,0.000872353236712114,1,1,1,0,0,0,0,0,0,0,1,0,0,0,0,0,0,0,0,0
173,2019-03-12,81.089996,81.099998,80.139999,3430100,78.33988199999999,0.0006224054669828623,52.90986397279767,0.04874399999998502,0.9553609999999964,0.4191899999999862,-0.7142856387000436,-0.2457689694893228,0.03313478460876329,0.13800137131100254,0.2621931369198702,0.0564126107976126,0.10668196967924676,0.1208176277676618,2,0.0006225992014573222,0.012345634342041046,0.005379700683356177,1,0,0,0,0,0,0,0,0,0,1,1,1,0,0,0,0,0,0,0
174,2019-03-13,80.709999,81.190002,80.279999,2225100,78.564095,0.002857966469693459,53.29754421753782,0.224213000000006,0.272956999999991,1.1795740000000023,-0.7407385067642704,-0.6016776442094693,0.047922097407917974,0.18515453046571848,0.1366827943323479,0.1671314509569579,0.15147868399086262,0.12983274663583266,3,0.002862054349277754,0.003486435463487464,0.01524302256778203,1,0,0,0,0,0,0,0,0,0,1,0,0,0,0,0,0,0,0,0
175,2019-03-14,80.43,81.199997,79.93,2476700,78.954041,0.004951135234179395,53.187105859677594,0.389946000000009,0.614159000000015,0.662903,-0.5502657932289031,-0.5273650943674869,0.07363984560619041,0.2296913690308653,0.19943796562611296,0.09189944467596285,0.1934221080508559,0.12726461236223074,4,0.004963412357769908,0.007839672262973475,0.008467152438121413,1,0,0,0,0,0,0,0,0,0,1,1,0,0,0,0,0,0,0,0
176,2019-03-15,80.940002,81.41999799999999,80.43,4940000,78.55435200000001,-0.0050751563176168165,56.22070295713845,-0.3996889999999951,-0.009742999999986068,0.21447000000001992,-0.698413177121946,0.20019493753138184,0.04727952633219079,0.01749556903696403,0.08468753368104838,0.026603513081962415,-0.007487157098338609,0.19780789849247538,5,-0.005062299471156835,-0.00012401339314079885,0.0027376860230657477,0,0,0,0,0,1,1,0,0,0,0,0,0,0,0,1,0,0,0,0
177,2019-03-18,80.82,82.25,80.75,2971400,80.03613299999999,0.018687427837057007,61.28584390087788,1.4817809999999838,1.0820919999999887,1.4720379999999977,-0.42857127740008716,-0.3812505537998052,0.14500605934697486,0.5230962982530181,0.2855019850896614,0.2097168747275285,0.4686732752906564,0.315592718099305,1,0.01886313058759601,0.013705340300441224,0.018736777913625782,1,1,1,0,0,0,0,0,0,0,1,1,1,0,0,0,0,0,0,0
178,2019-03-19,82.589996,82.839996,81.83000200000001,2232100,80.15313,0.001460734865900442,66.22663187198769,0.11699700000001201,1.5987779999999958,1.1990890000000007,-0.6878332997355047,-0.5996101249372362,0.15272225437385956,0.15634275680808588,0.380532841987008,0.16997301280690397,0.12348061777554344,0.4304858328924992,2,0.0014618022587374632,0.020352507013233278,0.015187177056586638,1,0,0,0,0,0,0,0,0,0,1,1,1,1,0,0,0,0,0,0
179,2019-03-20,82.150002,82.150002,80.879997,3261900,79.188019,-0.012113917946377851,65.09085961133623,-0.9651110000000074,-0.8481139999999954,0.6336669999999884,-0.5502615604313846,-0.29544850400212674,0.08907118042674256,-0.1344482703624466,-0.06950885354036881,0.08764241663368444,-0.1485315720835962,0.40407457754517795,3,-0.012040839827465344,-0.010596638895584766,0.008066605908734228,0,0,0,0,0,1,1,1,0,0,0,0,0,0,0,1,1,1,0,0
180,2019-03-21,80.809998,82.300003,80.779999,1891200,79.948402,0.009556439463428263,63.36222984529885,0.7603830000000045,-0.2047280000000029,-0.0877309999999909,-0.41798716721613494,-0.7002983134949937,0.13922001777408433,0.3292375841332093,0.048825149888705496,-0.017399706626756856,0.285704312663299,0.3638770100102866,4,0.009602248037042125,-0.002554210921020837,-0.001096142413577014,1,1,0,0,0,0,0,0,0,0,0,0,0,0,0,1,0,0,0,0
181,2019-03-22,81.510002,81.709999,78.860001,3797700,77.033562,-0.03714025456826556,54.11065644243916,-2.914839999999998,-2.1544569999999936,-3.119568000000001,0.2857122449011973,-0.13719467170747568,-0.053019731212314625,-0.6583919974342013,-0.30977643325386717,-0.45886280447229666,-0.6500153833317404,0.1487408634669125,5,-0.036459015153298475,-0.027206855622944597,-0.03892010205964509,0,0,0,0,0,1,1,1,1,1,0,0,0,0,0,1,1,1,1,0
182,2019-03-25,79.0,79.57,78.620003,2801500,76.97506700000001,-0.0007596327971055658,54.7424831403496,-0.058494999999993524,-2.9733349999999916,-2.212951999999987,-0.7195776937920196,-0.4314322001358657,-0.05687759789349034,0.10918341694532561,-0.4603875936769948,-0.32685125242766605,0.07898835129485707,0.1634333655044211,1,-0.0007593443491551581,-0.03719067455532121,-0.027945540600024195,0,0,0,0,0,1,0,0,0,0,0,0,0,0,0,1,1,1,1,1
183,2019-03-26,79.75,79.91999799999999,79.08000200000001,2062400,77.520996,0.007067251574528703,62.47786310326818,0.5459289999999868,0.48743399999999326,-2.427406000000005,-0.7777791887102874,-0.6497326992940899,-0.020872447036361486,0.2716081248363245,0.1761302209991671,-0.35807770925412963,0.2358253612091602,0.34331194018629474,2,0.007092283531237286,0.006327553696660077,-0.030362157832748236,1,1,0,0,0,0,0,0,0,0,1,1,0,0,0,0,0,0,0,0
184,2019-03-27,79.540001,80.059998,78.949997,2136200,77.374771,-0.0018880444090831287,63.62329113215712,-0.14622500000000116,0.3997039999999856,0.3412089999999921,-0.6349196271117021,-0.6279351389668312,-0.03051628933835282,0.08560804663693442,0.15999458528307486,0.045057866517794684,0.056376965362476585,0.36994773082940524,3,-0.0018862631744308493,0.0051926424435588415,0.004429355090706984,0,0,0,0,0,1,0,0,0,0,1,1,0,0,0,0,0,0,0,0
185,2019-03-28,79.849998,80.349998,79.239998,1767000,77.852448,0.00615457148422351,68.95174248564089,0.4776769999999999,0.33145199999999875,0.8773809999999855,-0.6349201562113901,-0.7369820125823316,0.000987500432810151,0.25326700806568886,0.14744141750814704,0.12312939612114573,0.21753685590166527,0.4938555723731999,4,0.006173549773736971,0.0042756416597124055,0.011398249253878343,1,1,0,0,0,0,0,0,0,0,1,0,0,0,0,0,0,0,0,0
186,2019-03-29,80.650002,80.66999799999999,80.25,2173100,78.534851,0.00872714517760238,68.78545067042478,0.6824030000000079,1.1600800000000078,1.0138550000000066,-1.0,-0.6170363588032018,0.04599339489959675,0.30828229658450185,0.29984583506375007,0.14300125427690455,0.26908671235744563,0.4899886214482645,5,0.008765337732218876,0.014993000754729313,0.013078456835100605,1,1,0,0,0,0,0,0,0,0,1,1,1,0,0,0,0,0,0,0
187,2019-04-01,81.559998,82.389999,81.260002,2124600,80.172623,0.020639609444014974,67.71365640344084,1.6377719999999982,2.320175000000006,2.797852000000006,-0.624339749725261,-0.6313613137608177,0.1540078581898463,0.5650152038699823,0.5132149256377654,0.4027674759329984,0.5077915644472721,0.4650651107711581,1,0.020854079165439535,0.029802209944637916,0.03615974514483547,1,1,1,1,0,0,0,0,0,0,1,1,1,1,0,0,0,0,0,0
188,2019-04-02,82.489998,82.940002,82.129997,1699200,80.562569,0.004852039682985559,67.28197472387578,0.3899459999999948,2.027717999999993,2.710121000000001,-0.7936474174908665,-0.7570074135333905,0.17972560638811785,0.22969136903086146,0.45942512038732664,0.38999304279655694,0.19143640732920264,0.4550267822587031,2,0.0048638298886640495,0.025819339747649016,0.03481099271277894,1,0,0,0,0,0,0,0,0,0,1,1,1,1,0,0,0,0,0,0
189,2019-04-03,83.150002,83.66999799999999,82.470001,2080300,80.786789,0.0027793125068861814,66.97580603755523,0.22422000000000253,0.6141659999999973,2.2519379999999956,-0.587302771477082,-0.6444457571550936,0.19451338085180403,0.18515641155077578,0.19943925309276891,0.32327742234593093,0.1499025967818435,0.4479071336866136,3,0.0027831783765485747,0.007660545171385965,0.028674377952280006,1,0,0,0,0,0,0,0,0,0,1,1,0,0,0,0,0,0,0,0
190,2019-04-04,82.239998,83.239998,82.239998,1917400,81.088989,0.003733731566368123,58.04168167579331,0.30219999999999914,0.5264200000000017,0.9163659999999965,-0.6931211220299623,-0.6925598842189209,0.21444409819604537,0.20611169909948324,0.18330067459574356,0.12880596741093248,0.16902747769063275,0.24015294915680951,4,0.0037407106253474084,0.0065343000668213755,0.01142991167945193,1,0,0,0,0,0,0,0,0,0,1,1,0,0,0,0,0,0,0,0
191,2019-04-05,83.290001,83.68,83.099998,1542900,81.157234,0.0008412522986718778,56.165346748666394,0.06824500000000455,0.3704450000000037,0.5946650000000062,-0.9153419333196751,-0.8031721652833979,0.21894499761748154,0.14324180555680624,0.15461315857138205,0.08196336998897238,0.1110672756428453,0.19652064486983778,5,0.0008416062506341589,0.004585465081425673,0.00738140562523529,1,0,0,0,0,0,0,0,0,0,1,0,0,0,0,0,0,0,0,0
192,2019-04-08,83.0,83.690002,82.519997,1417900,81.576424,0.005151865106701132,50.26109988449676,0.4191900000000004,0.48743500000000495,0.7896350000000041,-0.6031715293573567,-0.8400921522875625,0.2465914483240752,0.23755000495128392,0.1761304049229777,0.11035277884800526,0.197444381986687,0.059223250871361044,1,0.005165158783011264,0.0060111120635627235,0.009774308519676455,1,1,0,0,0,0,0,0,0,0,1,1,0,0,0,0,0,0,0,0
193,2019-04-09,83.230003,83.230003,82.230003,1984000,80.279861,-0.016021506168878163,52.403792205515046,-1.2965630000000061,-0.8773730000000057,-0.8091280000000012,-0.6931211220299623,-0.672888915143102,0.16108042690778746,-0.2235181853226218,-0.07489028025206684,-0.12244168427808916,-0.226832773902083,0.10904943168396364,2,-0.015893844525472288,-0.010810779973107582,-0.009978272142473021,0,0,0,0,0,1,1,1,0,0,0,0,0,0,0,1,1,1,0,0
194,2019-04-10,82.440002,82.75,81.980003,1407800,80.348099,0.0008496404250545501,46.681151854229775,0.06823800000000801,-1.2283249999999981,-0.8091349999999977,-0.8148156378587708,-0.8430752872374989,0.16558086466469124,0.14323992447174894,-0.13943870867829944,-0.12244270354188315,0.11123535895648276,-0.024024883312940837,3,0.0008500014717266142,-0.015057352844983718,-0.00996996768026862,1,0,0,0,0,0,0,0,0,0,0,0,0,0,0,1,1,1,0,0
195,2019-04-11,82.739998,83.18,82.5,1349700,80.89402,0.00677147000281248,56.017005614201345,0.5459209999999928,0.6141590000000008,-0.6824040000000053,-0.862433022593079,-0.8602356971970346,0.2015854879052137,0.271605975024831,0.19943796562611033,-0.10398951497895594,0.22989841824014848,0.19307111918885278,4,0.006794448242017434,0.007650225004749333,-0.00836521100753332,1,1,0,0,0,0,0,0,0,0,1,1,0,0,0,0,0,0,0,0
196,2019-04-12,83.589996,83.900002,83.08000200000001,1510400,81.771385,0.010787462868130277,64.73383667589053,0.8773649999999975,1.4232859999999903,1.4915239999999983,-0.788359066096721,-0.8127713619044807,0.2594495309982996,0.36067374017351267,0.3482556849929547,0.2125542139131834,0.3103718586190949,0.39577236394163573,5,0.010845857332841137,0.017713997191146864,0.018579055586556113,1,1,1,0,0,0,0,0,0,0,1,1,1,0,0,0,0,0,0,0
197,2019-04-15,83.879997,84.0,83.269997,876500,81.508186,-0.0032239088619988275,63.110402213988465,-0.2631990000000002,0.6141659999999973,1.16008699999999,-0.8359764508310291,-1.0,0.24209101056717142,0.05417404040812457,0.19943925309276891,0.16429396616218778,0.029608589020364118,0.35802100867579845,1,-0.0032187176479889657,0.007592229932447384,0.014438263187782328,0,0,0,0,0,1,0,0,0,0,1,1,0,0,0,0,0,0,0,0
198,2019-04-16,84.0,84.239998,83.559998,1822000,82.034615,0.006437835416365561,71.48573897175316,0.5264290000000074,0.2632300000000072,1.1405950000000047,-0.862433022593079,-0.7207372183004993,0.2768100959437829,0.26636795931696855,0.13489376744747208,0.16145575332185408,0.22321296736879442,0.5527811427208487,2,0.00645860282058059,0.0032190967537116706,0.014099867950684176,1,1,0,0,0,0,0,0,0,0,1,0,0,0,0,0,0,0,0,0
199,2019-04-17,84.730003,85.25,84.139999,1685100,82.307564,0.003321718777653077,71.50817332560285,0.272948999999997,0.7993780000000044,0.5361790000000042,-0.6349196271117021,-0.7611719880674603,0.29481164911517066,0.19825118209400344,0.2335041495050421,0.07344727537682963,0.16077146536691567,0.5533028313274506,3,0.0033272417990868487,0.009807333952935775,0.006557049266072774,1,0,0,0,0,0,0,0,0,0,1,1,0,0,0,0,0,0,0,0
200,2019-04-18,84.93,85.489998,84.75,1637700,83.067955,0.009195996641038462,70.9815763161877,0.7603909999999985,1.0333399999999955,1.5597690000000028,-0.830688099436876,-0.7751720471394395,0.34496101407911883,0.32923973394470285,0.276535331579679,0.22249130786396992,0.2784816718493419,0.5410573411331208,4,0.00923840972866113,0.01259638995075427,0.019136347850999935,1,1,0,0,0,0,0,0,0,0,1,1,1,0,0,0,0,0,0,0
201,2019-04-22,84.68,85.07,84.449997,1222900,82.804749,-0.003173592936795425,64.26563917788928,-0.2632059999999967,0.49718500000000176,0.7701339999999988,-0.8941774166496014,-0.8976873320140593,0.32760203198345916,0.054172159323067265,0.17792366205545046,0.10751325552564717,0.030616831749562076,0.3848848963558409,1,-0.0031685624137490413,0.006040574837083038,0.009387915089258342,0,0,0,0,0,1,0,0,0,0,1,1,0,0,0,0,0,0,0,0
202,2019-04-23,84.800003,86.08000200000001,84.730003,2058900,83.4384,0.007623220234310086,64.94194743305522,0.6336510000000004,0.3704450000000037,1.1308360000000022,-0.5079367598887331,-0.6507664589302066,0.36939263084479634,0.2951813453332222,0.15461315857138205,0.16003475398321032,0.2469659962391329,0.40061177280767746,2,0.0076523509539289875,0.004459541588570511,0.013739150389628859,1,1,0,0,0,0,0,0,0,0,1,0,0,0,0,0,0,0,0,0
203,2019-04-24,85.440002,85.870003,85.209999,1569500,83.194695,-0.0029250512782004047,64.21029458320405,-0.2437050000000056,0.3899459999999948,0.12673999999999808,-0.8730128999795201,-0.7953155920489117,0.3533197801817307,0.05941259356886332,0.15819985676013554,0.013829225554632046,0.03559716986653433,0.38359791280027533,3,-0.002920777483748557,0.004709222655816453,0.0015257387761622165,0,0,0,0,0,1,0,0,0,0,1,0,0,0,0,0,0,0,0,0
204,2019-04-25,84.480003,84.769997,83.639999,1599000,81.693405,-0.018210307321522182,65.07369555727898,-1.5012899999999973,-1.744995000000003,-1.1113440000000026,-0.624339220625573,-0.7866024751159288,0.2543065881177444,-0.27853374256786717,-0.2344666227947103,-0.16644708812350953,-0.27069250298173847,0.4036754445233508,4,-0.01804550157915715,-0.020913572168210357,-0.013421259208212835,0,0,0,0,0,1,1,1,0,0,0,0,0,0,0,1,1,1,1,0
205,2019-04-26,83.959999,84.019997,83.07,2454800,81.66415400000001,-0.0003581223971718824,55.66980276699005,-0.029250999999987926,-1.5305409999999853,-1.7742459999999909,-0.7195776937920121,-0.5338334760906166,0.2523774239448908,0.11704205286574809,-0.1950234263754828,-0.2629716606806747,0.08703391420151163,0.18499726197934963,5,-0.0003580582790004643,-0.01839709851691848,-0.021264142169552518,0,0,0,0,0,1,0,0,0,0,0,0,0,0,0,1,1,1,0,0
206,2019-04-29,84.199997,84.470001,83.559998,2426500,81.878624,0.002622801514921949,63.53925928147546,0.2144699999999915,0.18521900000000358,-1.3160709999999938,-0.7407385067642704,-0.5421921611483594,0.26652216566831743,0.18253632879109205,0.1205456872257917,-0.19625720510295785,0.1467663915138377,0.36799365364108905,1,0.0026262440678684,0.0022672454404367597,-0.01581916971989613,1,0,0,0,0,0,0,0,0,0,1,0,0,0,0,0,0,0,0,0
207,2019-04-30,82.489998,83.519997,80.68,4759300,80.738045,-0.014028053964528227,56.98999814115017,-1.1405790000000025,-0.926109000000011,-0.9553599999999989,0.28042071890890896,0.14682340431816154,0.1912986128629628,-0.1816011607907187,-0.08385399098111607,-0.14373439616337447,-0.18688749449174735,0.21569709357701106,2,-0.013930119294628137,-0.011340459119921953,-0.011694456853646862,0,0,0,0,0,1,1,1,0,0,0,0,0,0,0,1,1,1,0,0
208,2019-05-01,83.269997,84.199997,81.83000200000001,3525600,79.850922,-0.011048480362419894,65.0090964157462,-0.8871230000000025,-2.027702000000005,-1.8132320000000135,0.031742806757443676,-0.21756209941814109,0.13279100941301003,-0.1134908330022418,-0.2864631709126736,-0.2686483775795766,-0.12718207501885362,0.40217325567674056,3,-0.010987670063103491,-0.024764729802982582,-0.022203523959851628,0,0,0,0,0,1,1,1,0,0,0,0,0,0,0,1,1,1,1,0
209,2019-05-02,81.16999799999999,82.050003,80.769997,3072200,80.067261,0.0027056226867444772,57.00431008323309,0.21633900000000494,-0.6707839999999976,-1.811363,-0.5449700344390965,-0.3514782762796469,0.14705901556633894,0.1830385785016437,-0.03689364458636962,-0.26837623414644374,0.1484259822691732,0.21602990356891127,4,0.002709286187077526,-0.008308152618756098,-0.022122538356286983,1,0,0,0,0,0,0,0,0,0,0,0,0,0,0,1,1,0,0,0
210,2019-05-03,81.82,82.82,81.790001,1982200,81.424339,0.016807189298366495,57.63556314731795,1.3570780000000013,1.5734170000000063,0.6862940000000037,-0.6772486604518647,-0.673420562955962,0.23656112685716923,0.48958530539348727,0.3758683502806862,0.09530538744983448,0.4309965988084299,0.23070906632180455,5,0.016949224727445106,0.019704431214958375,0.008500255362883803,1,1,1,0,0,0,0,0,0,0,1,1,1,0,0,0,0,0,0,0
211,2019-05-06,81.529999,82.300003,80.760002,1828500,80.676964,-0.009221150995237515,53.189111686927255,-0.7473750000000052,0.6097029999999961,0.826042000000001,-0.4074067607300058,-0.7188173789762827,0.18727019411344692,-0.0759368508996919,0.19861840113561707,0.11565396984318778,-0.09056560536508781,0.12731125588180658,1,-0.009178766560205115,0.007614885190090318,0.010344802280429537,0,0,0,0,0,1,1,0,0,0,1,1,0,0,0,0,0,0,0,0
212,2019-05-07,80.940002,81.239998,80.41999799999999,2654600,79.683746,-0.012387457010728813,46.3003515450673,-0.9932179999999988,-1.740593000000004,-0.3835150000000027,-0.7883590660967135,-0.47482056886315993,0.12176540516833434,-0.14200136432412097,-0.23365699018987485,-0.060468552654148806,-0.15401281428809846,-0.032880016115585775,2,-0.012311048293785558,-0.021376814615590604,-0.004789910323022074,0,0,0,0,0,1,1,1,0,0,0,0,0,0,0,1,1,1,1,0
213,2019-05-08,80.879997,81.690002,80.760002,2822500,79.614899,-0.0008643765210504237,47.97684100966787,-0.06884700000000521,-1.062065000000004,-1.8094400000000093,-0.7301581002781412,-0.42522964231916605,0.11722480259719248,0.10640156087063372,-0.10885953628393988,-0.2680962278211852,0.07688947111587591,0.006105080519246631,3,-0.0008640030552781141,-0.013164414565724165,-0.022222348037728733,0,0,0,0,0,1,0,0,0,0,0,0,0,0,0,1,1,1,0,0
214,2019-05-09,80.160004,81.089996,79.83000200000001,1957800,79.614899,0.0,42.68967947928449,0.0,-0.06884700000000521,-1.062065000000004,-0.5555583774205671,-0.6806273444191749,0.11722480259719248,0.12490256987122406,0.07381690090589574,-0.15927161661935887,0.09421005777140223,-0.11684260721649098,4,0.0,-0.0008640030552781141,-0.013164414565724165,0,0,0,0,0,0,0,0,0,0,0,0,0,0,0,1,0,0,0,0
215,2019-05-10,80.769997,81.83000200000001,79.43,1833200,80.136101,0.006525202963639034,47.22895313117253,0.5212020000000024,0.5212020000000024,0.4523549999999972,0.04761950113306712,-0.7174291874649261,0.15159915647294842,0.2649633262313414,0.18234096016320567,0.06124173704683118,0.22496365949957095,-0.01128630894713889,5,0.006546538481446826,0.006546538481446826,0.005676879196919246,1,1,0,0,0,0,0,0,0,0,1,1,0,0,0,0,0,0,0,0
216,2019-05-13,79.629997,79.949997,78.220001,2729600,77.195778,-0.037381685250006076,40.49492602978983,-2.9403229999999922,-2.41912099999999,-2.41912099999999,-0.3068804652691016,-0.4526685766606612,-0.04232124926422198,-0.6652399532254761,-0.35845444409580723,-0.3568713377487826,-0.6548532299674955,-0.16787941784062865,1,-0.0366916154306034,-0.030385280021519464,-0.030385280021519464,0,0,0,0,0,1,1,1,1,1,0,0,0,0,0,1,1,1,1,1
217,2019-05-14,78.879997,79.650002,78.699997,1853500,77.834976,0.008246126727134878,40.76114741677696,0.6391979999999933,-2.301124999999999,-1.7799229999999966,-0.7195734609945013,-0.7114333815754498,-0.00016481423773395676,0.296671970878651,-0.3367521703929039,-0.2637982836180132,0.25944794782447955,-0.1616887040204109,2,0.008280219677298844,-0.028715210389384918,-0.022356657137755042,1,1,0,0,0,0,0,0,0,0,0,0,0,0,0,1,1,1,1,0
218,2019-05-15,78.660004,79.860001,78.41999799999999,1315300,78.218498,0.004915273749748531,44.819201569946756,0.38352199999999925,1.0227199999999925,-1.9176029999999997,-0.460315671456602,-0.8703960776205808,0.025129257824801243,0.22796507040027914,0.27458206073384606,-0.28384574636465004,0.19270350691633442,-0.06732268702405553,3,0.0049273735242110085,0.013248392936722427,-0.02392932743258871,1,0,0,0,0,0,0,0,0,0,1,1,1,0,0,0,0,0,0,0
219,2019-05-16,79.739998,80.309998,79.510002,1419900,78.680687,0.0058915581607200465,50.37750247189883,0.4621890000000093,0.8457110000000085,1.4849090000000018,-0.7989431762806731,-0.8395014324954959,0.05561158184405368,0.24910497301113388,0.24202589132236463,0.2115910096273835,0.21226653104859816,0.061930077376528114,4,0.0059089475228738,0.010865436638664969,0.019235624518221733,1,1,0,0,0,0,0,0,0,0,1,1,1,0,0,0,0,0,0,0
220,2019-05-17,79.110001,79.900002,78.629997,1607800,77.44162,-0.015873362882657546,44.27188852597834,-1.2390670000000057,-0.7768779999999964,-0.39335599999999715,-0.5502615604313846,-0.7840033080308357,-0.02610745901490663,-0.2080674901071749,-0.05640685712099769,-0.06190149194009838,-0.2238642427539898,-0.08004990801717815,5,-0.015748045006266982,-0.00993215185492307,-0.005053717752800452,0,0,0,0,0,1,1,1,0,0,0,0,0,0,0,1,1,0,0,0
221,2019-05-20,78.120003,78.82,77.91999799999999,1332800,77.117104,-0.004199264441019921,49.51982763646505,-0.3245160000000027,-1.5635830000000084,-1.101393999999999,-0.7460300327565585,-0.8652272794399978,-0.047509962885469825,0.037696541477319184,-0.20110063685458285,-0.16499827744418719,0.010064177048303605,0.041985701317704294,1,-0.004190459858665181,-0.01987251331448095,-0.01408099142993003,0,0,0,0,0,1,0,0,0,0,0,0,0,0,0,1,1,1,0,0
222,2019-05-21,78.970001,80.150002,78.910004,2048100,78.592178,0.018947080213640152,46.7080165650343,1.4750740000000064,1.1505580000000037,-0.08850900000000195,-0.5661382548070008,-0.6539563458073664,0.04977422955609345,0.5212939500408007,0.2980945125596046,-0.01751299051706122,0.4738762526730781,-0.023400171157633265,2,0.01912771516938715,0.01485710138811667,-0.001124913919473046,1,1,1,0,0,0,0,0,0,0,1,1,1,0,0,0,0,0,0,0
223,2019-05-22,79.519997,79.809998,78.860001,1915400,77.618629,-0.012464715132313686,48.80783094558141,-0.9735490000000055,0.5015250000000009,0.1770089999999982,-0.7195776937920196,-0.6931506040109875,-0.014433348007670155,-0.13671578403692675,0.1787218913841615,0.021148850081147627,-0.15556093129170215,0.025428925755507148,3,-0.012387352339313023,0.006503421082824906,0.00228570889916815,0,0,0,0,0,1,1,1,0,0,1,1,0,0,0,0,0,0,0,0
224,2019-05-23,78.029999,78.059998,76.709999,2020000,75.750198,-0.0243664045638591,41.480559526509424,-1.868431000000001,-2.8419800000000066,-1.3669060000000002,-0.5079367598887407,-0.6622559588859026,-0.13766025117848102,-0.3771942353342228,-0.43622828181689144,-0.20365924438771518,-0.394049874623631,-0.14495949026130683,4,-0.02407194025547657,-0.03616110498935411,-0.01772506913641363,0,0,0,0,0,1,1,1,1,0,0,0,0,0,0,1,1,1,1,1
225,2019-05-24,77.650002,77.849998,77.029999,1661500,76.104218,0.004662632153813715,47.83151889562965,0.35402000000000555,-1.5144109999999955,-2.487960000000001,-0.788359595196409,-0.7681424816138466,-0.11431189725985558,0.22003710305914215,-0.1920567353450442,-0.3668949235129889,0.18764101325921645,0.0027257591584004537,5,0.004673519137204177,-0.019510921791725998,-0.03165658546834013,1,0,0,0,0,0,0,0,0,0,0,0,0,0,0,1,1,1,0,0
226,2019-05-28,77.360001,77.559998,76.120003,1958100,74.92415600000001,-0.015627341859912373,49.30790962567886,-1.1800619999999924,-0.8260419999999868,-2.694472999999988,-0.4603199042541205,-0.6805387364503649,-0.1921394358789179,-0.1922112866984571,-0.06544928724006455,-0.396965098369147,-0.21893441375035078,0.03705775855181903,2,-0.015505868544631683,-0.010904816380809815,-0.03471425654787059,0,0,0,0,0,1,1,1,0,0,0,0,0,0,0,1,1,1,0,0
227,2019-05-29,75.75,76.349998,75.209999,2337900,74.334122,-0.007906255940154133,39.35955686716701,-0.590034000000017,-1.7700960000000094,-1.4160760000000039,-0.6190476946332849,-0.5683610479369112,-0.2310534030446778,-0.0336551645929328,-0.23908329431083591,-0.21081884449849514,-0.06421741890947003,-0.19428129954383722,3,-0.007875083704646828,-0.023258842236576288,-0.018694023743673963,0,0,0,0,0,1,1,0,0,0,0,0,0,0,0,1,1,1,1,0
228,2019-05-30,75.709999,76.32,75.540001,1265700,74.58980600000001,0.0034337564776570607,45.43188676111887,0.25568400000001645,-0.3343500000000006,-1.514411999999993,-0.8095235827668024,-0.8850459284638332,-0.2141905124641177,0.19361162016109706,0.024984577988658906,-0.22513746228359838,0.16301650400962037,-0.0530753017055523,4,0.003439658572950071,-0.004462512730874146,-0.01989918613972215,1,0,0,0,0,0,0,0,0,0,0,0,0,0,0,1,0,0,0,0
229,2019-05-31,74.870003,74.870003,74.290001,1840100,73.25239599999999,-0.018092891819022145,38.16467022458069,-1.3374100000000197,-1.0817260000000033,-1.6717600000000203,-0.9153419333196826,-0.7153912041822963,-0.3023954783256757,-0.23449485409028498,-0.11247566228204828,-0.24804876507455045,-0.2683397026265384,-0.222067201103318,5,-0.017930198129219154,-0.014552213315978944,-0.022312697122674564,0,0,0,0,0,1,1,1,0,0,0,0,0,0,0,1,1,1,0,0
230,2019-06-03,74.57,76.010002,74.41999799999999,2132100,74.12760899999999,0.011877096740503456,47.630772161802234,0.8752130000000022,-0.4621970000000175,-0.20651300000000106,-0.3809501889679485,-0.6291461145405678,-0.24467336409997742,0.36009544088132595,0.0014704708486231455,-0.03469544834647768,0.3322062067875309,-0.0019424066622855118,1,0.011947909526399687,-0.006196516987857797,-0.002778172317687442,1,1,1,0,0,0,0,0,0,0,0,0,0,0,0,1,1,0,0,0
231,2019-06-04,76.269997,78.040001,76.059998,2419000,76.477898,0.031213730055488,48.70726410129337,2.3502890000000036,3.225502000000006,1.8880919999999861,-0.17460183925633355,-0.5444073603686093,-0.08966692552856514,0.756487358503775,0.6797261153783484,0.2702981288355239,0.719678361342721,0.023090343721075213,2,0.03170598690158755,0.04403271669093262,0.025313003227277274,1,1,1,1,1,0,0,0,0,0,1,1,1,1,1,0,0,0,0,0
232,2019-06-05,78.470001,78.709999,77.550003,1747500,76.920433,0.005769765874082166,49.54065532384635,0.44253500000000656,2.79282400000001,3.6680370000000124,-0.6084672881471633,-0.7427415305549814,-0.06048082360952378,0.24382342362049048,0.6001463297820111,0.5294743423637209,0.20982602762987668,0.042470028492067824,3,0.005786443032207901,0.03767589482078142,0.05007395252982596,1,1,0,0,0,0,0,0,0,0,1,1,1,1,1,0,0,0,0,0
233,2019-06-06,78.639999,78.779999,77.589996,1626300,76.9991,0.0010221835437827826,49.88589781764974,0.07866699999999582,0.5212020000000024,2.871491000000006,-0.5925905937715397,-0.7785391499542194,-0.05529257165280832,0.14604247248207497,0.18234096016320567,0.41348998544200155,0.11469281987422648,0.05049829963099928,4,0.0010227061514330765,0.0068150670145249335,0.03873713234160846,1,0,0,0,0,0,0,0,0,0,1,1,0,0,0,0,0,0,0,0
234,2019-06-07,78.910004,79.400002,78.709999,1739400,77.766144,0.009912435902864945,56.46066470958038,0.7670439999999985,0.8457109999999943,1.288246000000001,-0.857140438401415,-0.7451339457128512,-0.004704427527737032,0.3310275709293342,0.24202589132236202,0.18295508453919523,0.29283785577577115,0.2033879706045547,5,0.009961726825378459,0.010994620896114747,0.01684468367579874,1,1,0,0,0,0,0,0,0,0,1,1,1,0,0,0,0,0,0,0
235,2019-06-10,79.540001,80.120003,79.110001,1424000,78.002151,0.0030302338558805546,61.816452515299154,0.23600700000000074,1.0030509999999992,1.081717999999995,-0.6878290669379863,-0.8382904569217593,0.010860724054865045,0.1883238900624017,0.270964463345271,0.15288272554633187,0.15493061971298128,0.3279314941818714,1,0.003034829655434642,0.013026788624802098,0.014062817353095178,1,0,0,0,0,0,0,0,0,0,1,1,1,0,0,0,0,0,0,0
236,2019-06-11,80.0,80.559998,79.029999,1724900,77.893982,-0.0013877062282061643,61.32208556059073,-0.10816900000000373,0.127837999999997,0.8948819999999955,-0.4126988158219894,-0.7494166642053343,0.003726753954238937,0.09583469991923234,0.10999195517261591,0.12567770121650515,0.06640286334547181,0.31643548188395476,2,-0.0013867438091547466,0.001643877315043382,0.01162197999716874,0,0,0,0,0,1,0,0,0,0,1,0,0,0,0,0,0,0,0,0
237,2019-06-12,79.110001,79.260002,78.339996,1328200,77.362946,-0.006840764888309783,62.8039731166695,-0.5310360000000003,-0.639205000000004,-0.4031980000000033,-0.7354459225726064,-0.8665859349617511,-0.03129617263615447,-0.017800842269272282,-0.031085514639050252,-0.06333457683516314,-0.042866850442234455,0.35089530450470163,3,-0.006817420118540099,-0.008194709912551053,-0.0051847498057767056,0,0,0,0,0,1,1,0,0,0,0,0,0,0,0,1,1,0,0,0
238,2019-06-13,79.269997,79.400002,78.629997,1487100,77.972649,0.007850179234085992,70.22519281170116,0.6097030000000103,0.07866700000001003,-0.0295019999999937,-0.8148114050612599,-0.819653247482057,0.008915005910955287,0.2887458846225751,0.10094823758689048,-0.008921033556784225,0.25151385579701746,0.5234683943260936,4,0.007881072677868426,0.0010099239758985495,-0.0003782203390774916,1,1,0,0,0,0,0,0,0,0,1,0,0,0,0,0,0,0,0,0
239,2019-06-14,78.760002,79.08000200000001,77.739998,1380700,77.06794000000001,-0.011670740865034867,64.17706106759213,-0.9047089999999969,-0.29500599999998656,-0.8260419999999868,-0.5132251112828862,-0.8510795404200019,-0.05075243074619795,-0.11821665612139373,0.03222087630866465,-0.1249045168238207,-0.13965108209548763,0.38282510041761353,5,-0.01160290193552353,-0.003813272571083146,-0.010604696008479665,0,0,0,0,0,1,1,1,0,0,0,0,0,0,0,1,0,0,0,0
240,2019-06-17,78.199997,78.470001,77.459999,1315700,76.35006,-0.009358552966017914,65.83516068568818,-0.7178800000000081,-1.622589000000005,-1.0128859999999946,-0.6878290669379863,-0.8702779336621674,-0.09809810701054111,-0.06801076464361222,-0.21195324509650237,-0.1521107060265566,-0.09331889942570143,0.42138255944528136,1,-0.009314897997792702,-0.020809720085308438,-0.013092650323838427,0,0,0,0,0,1,1,0,0,0,0,0,0,0,0,1,1,1,1,0
241,2019-06-18,78.120003,79.760002,78.08000200000001,1732100,78.149666,0.023296965507029564,74.89769538087222,1.7996059999999972,1.081725999999989,0.1770169999999922,-0.3333333333333359,-0.7472900729538944,0.020589644534798168,0.6085042780576926,0.2854346689757655,0.021150014954054754,0.561040310616475,0.6321227986823039,2,0.023570459538604125,0.014036005114448226,0.002270244788015246,1,1,1,1,0,0,0,0,0,0,1,1,1,0,0,0,0,0,0,0
242,2019-06-19,79.769997,80.230003,79.400002,2498600,78.62168100000001,0.006021718067064257,76.260389225587,0.4720150000000132,2.2716210000000103,1.5537410000000023,-0.7830675401044329,-0.5208967126443573,0.0517200136520799,0.25174547898001937,0.5042846890418573,0.22161357612779375,0.21487470686319615,0.6638108899835842,3,0.006039885058498052,0.029752707463491325,0.020160666030518037,1,1,0,0,0,0,0,0,0,0,1,1,1,1,0,0,0,0,0,0
243,2019-06-20,81.400002,82.91999799999999,81.18,4201200,81.266991,0.03309241825426425,85.08793305951397,2.645309999999995,3.117325000000008,4.916931000000005,-0.3015884101771331,-0.018016953658032575,0.22618369961467533,0.8357673006415963,0.6598297895507008,0.711324690558793,0.7573239717372222,0.8690866502436438,4,0.03364606259181859,0.03988916600104226,0.06439983151290261,1,1,1,1,1,0,0,0,0,0,1,1,1,1,1,0,0,0,0,0
244,2019-06-21,82.860001,83.739998,82.230003,4828400,81.837357,0.006993907053170022,86.61136912214548,0.5703659999999928,3.2156759999999878,3.687691000000001,-0.423282926005934,0.1672327731340637,0.2638005213511603,0.27817499277461527,0.6779188800364289,0.532336143880442,0.23435566587736506,0.9045126420990879,5,0.00701842153845702,0.0409006263806543,0.04718754652131208,1,1,0,0,0,0,0,0,0,0,1,1,1,1,1,0,0,0,0,0
245,2019-06-24,82.91999799999999,83.309998,81.849998,2754800,80.903137,-0.011481226820815304,77.35002884872446,-0.9342199999999963,-0.36385400000000345,2.2814559999999915,-0.44973526497048044,-0.4452255072806216,0.2021867729814133,-0.12614704200046428,0.019558089943889842,0.327575512158214,-0.13585355365110646,0.6891493766857819,1,-0.011415569053629095,-0.0044772667908918075,0.02901815340224017,0,0,0,0,0,1,1,1,0,0,0,0,0,0,0,1,0,0,0,0
246,2019-06-25,82.370003,82.66999799999999,81.940002,3184200,80.71629300000001,-0.0023121487712149777,68.08678144474088,-0.18684399999999357,-1.1210639999999898,-0.550697999999997,-0.8359801545288597,-0.3183979679239154,0.18986402330746444,0.07469264749688792,-0.1197108570591982,-0.08481192107636548,0.047878659154014805,0.473741762846287,2,-0.0023094778141914767,-0.013698682864354843,-0.006776404456761503,0,0,0,0,0,1,0,0,0,0,0,0,0,0,0,1,1,1,0,0
247,2019-06-26,82.349998,82.889999,82.160004,1859200,81.25715600000001,0.006678440369280098,68.41611793508218,0.5408630000000016,0.3540190000000081,-0.5802009999999882,-0.83598068362854,-0.7097498301680599,0.22553506094796294,0.27024675670704207,0.15159202609363856,-0.08910782675194534,0.2280342678497939,0.4814001556799046,3,0.006700790879977623,0.004375837737911301,-0.0070896839935823954,1,1,0,0,0,0,0,0,0,0,1,0,0,0,0,0,0,0,0,0
248,2019-06-27,82.83000200000001,83.389999,81.940002,2214700,81.345665,0.001088652806847271,68.9716530359286,0.08850899999998774,0.6293719999999894,0.4425279999999958,-0.45502784916214445,-0.6047493871282159,0.23137241323592228,0.14868727807394747,0.20223599852419202,0.0598108362884696,0.11602474711056367,0.49431857243577637,4,0.0010892456044116006,0.00779733529140132,0.00546984970434454,1,0,0,0,0,0,0,0,0,0,1,1,0,0,0,0,0,0,0,0
249,2019-06-28,82.870003,83.480003,82.720001,3083500,81.896362,0.0067470258634305886,70.59584992396807,0.5506969999999995,0.6392059999999873,1.180068999999989,-0.8201039892529238,-0.3481407094544704,0.26769202359105737,0.27288941248742105,0.20404470525657553,0.16720352746813827,0.22940860063859064,0.5320876571638451,5,0.006769838318981099,0.007866457940024227,0.014619960309624092,1,1,0,0,0,0,0,0,0,0,1,1,0,0,0,0,0,0,0,0
250,2019-07-01,84.550003,84.699997,82.900002,2299900,81.798019,-0.0012015441364666886,71.17495254486236,-0.09834299999999985,0.4523539999999997,0.5408629999999874,-0.2698440161206106,-0.5795847239861773,0.26120609858846056,0.09847520588811783,0.16967817379843347,0.07412930846445971,0.07013322455198534,0.545554113180273,1,-0.0012008225713371718,0.005560886372986191,0.006656189148436199,0,0,0,0,0,1,0,0,0,0,1,1,0,0,0,0,0,0,0,0
251,2019-07-02,82.879997,82.879997,80.989998,2848200,80.381943,-0.017463464302866747,68.03974842093007,-1.4160759999999897,-1.5144189999999895,-0.96372199999999,-0.22222292768847207,-0.4176388929911098,0.16781294672226466,-0.255634487974692,-0.19205820673551077,-0.14495197957045752,-0.2557270811919653,0.4726480566125113,2,-0.017311861794599082,-0.01849189589154143,-0.011847244717957497,0,0,0,0,0,1,1,1,0,0,0,0,0,0,0,1,1,1,0,0
252,2019-07-03,81.75,82.370003,81.33000200000001,1082000,80.952309,0.007070642088288274,67.72005791195139,0.5703659999999928,-0.8457099999999969,-0.9440529999999967,-0.6719566053598887,-0.9393035413651536,0.2054297684587496,0.27817499277461527,-0.06906670070483414,-0.14208799391703322,0.23589330114731127,0.46521397149063315,3,0.007095698097270338,-0.010339003442124886,-0.011527410704763623,1,1,0,0,0,0,0,0,0,0,0,0,0,0,0,1,1,1,0,0
253,2019-07-05,81.660004,81.839996,80.480003,1322700,80.450783,-0.006214597352667838,67.734325367265,-0.5015259999999984,0.06883999999999446,-1.3472359999999952,-0.5026489375942754,-0.8682104143899343,0.17235308762887414,-0.009870725116637946,0.09914081832116295,-0.2007951131251757,-0.0303195532889248,0.465545746986918,5,-0.006195326683022697,0.0008564112464909496,-0.016470276621246723,0,0,0,0,0,1,1,0,0,0,1,0,0,0,0,0,0,0,0,0
254,2019-07-08,81.220001,82.220001,80.860001,1339000,79.90992,-0.0067456058846889445,71.3451966843365,-0.5408630000000016,-1.042389,-0.4720230000000072,-0.5026452338964524,-0.8633960480845912,0.13668204998837563,-0.020441616964593956,-0.1052406514287037,-0.0733561240717794,-0.04096003121689812,0.5495129714785532,1,-0.006722905356931102,-0.012876581445008566,-0.005872251682196922,0,0,0,0,0,1,1,0,0,0,0,0,0,0,0,1,1,1,0,0
255,2019-07-09,80.599998,80.83000200000001,79.910004,3711800,78.916702,-0.012507109131952836,63.10278108435909,-0.9932179999999988,-1.5340810000000005,-2.035606999999999,-0.7354501553701174,-0.16256608677673756,0.07117726104326305,-0.14200136432412097,-0.1956745166574298,-0.3010282041940665,-0.156410432552486,0.3578437868790969,2,-0.012429220302060106,-0.01906856518724001,-0.02514575587955124,0,0,0,0,0,1,1,1,0,0,0,0,0,0,0,1,1,1,0,0
256,2019-07-10,80.589996,81.059998,78.980003,2177500,77.726807,-0.015192686820077303,57.06129799822586,-1.189895000000007,-2.183113000000006,-2.7239760000000075,-0.12169610312787982,-0.6157367752606553,-0.007298784338360953,-0.1948536737524037,-0.3150469539090649,-0.40126100404473103,-0.21022469049968256,0.21735510090532295,3,-0.015077860197452334,-0.02731967445343464,-0.033858912224633136,0,0,0,0,0,1,1,1,0,0,0,0,0,0,0,1,1,1,1,0
257,2019-07-11,79.290001,79.339996,78.239998,2869200,77.834976,0.0013906888356168177,47.530334870023886,0.10816900000000373,-1.0817260000000033,-2.074944000000002,-0.6402122113033661,-0.41143633517441014,-0.00016481423773395676,0.15397043982321576,-0.11247566228204828,-0.306756029891804,0.12207701840899798,-0.00427797608183611,4,0.0013916562917604958,-0.013707187104701908,-0.025966037758516115,1,0,0,0,0,0,0,0,0,0,0,0,0,0,0,1,1,1,0,0
258,2019-07-12,79.620003,81.550003,79.300003,2058500,79.860748,0.025693574839205494,42.92512273479446,2.0257720000000035,2.133941000000007,0.9440460000000002,-0.031746510455274324,-0.6508846028886199,0.13343905451103932,0.6692810613834339,0.47896205909324874,0.13283642767260423,0.6090641504669037,-0.11136760826070413,5,0.026026499963204247,0.02745437619739104,0.011962562753826182,1,1,1,1,0,0,0,0,0,0,1,1,1,1,0,0,0,0,0,0
259,2019-07-15,81.220001,81.410004,80.32,1988400,79.349396,-0.0064236328851984305,50.173835280387124,-0.5113520000000022,1.5144200000000012,1.622589000000005,-0.6455000335978238,-0.6715893316005555,0.09971432858313456,-0.012511231085523433,0.3650173973530413,0.23163847237402033,-0.034508258057166674,0.05719399921434265,1,-0.00640304546108186,0.019456805639665144,0.02087553911741164,0,0,0,0,0,1,1,0,0,0,1,1,1,0,0,0,0,0,0,0
260,2019-07-16,80.610001,81.410004,80.199997,2163100,79.80175,0.005684598942672341,58.83485075173758,0.4523539999999997,-0.05899800000000255,1.966774000000001,-0.5820064835875876,-0.6199899577635349,0.12954801393567372,0.24646204850431486,0.075628366495407,0.28175494510390814,0.20811943197422828,0.25859730787564894,2,0.005700786934786494,-0.0007387609242027453,0.025268511677834924,1,1,0,0,0,0,0,0,0,0,0,0,0,0,0,1,0,0,0,0
261,2019-07-17,81.050003,81.139999,79.32,1705900,78.031654,-0.02243086916032994,53.11339964184847,-1.7700959999999952,-1.3177419999999955,-1.8290939999999978,-0.25925990593665094,-0.7550285022299673,0.01280650815085238,-0.35076902116261016,-0.1558846238592598,-0.2709580293379063,-0.35526514613410015,0.12555064750570777,3,-0.022181167706221923,-0.016606830882493366,-0.022903542050470124,0,0,0,0,0,1,1,1,1,0,0,0,0,0,0,1,1,1,0,0
262,2019-07-18,79.269997,79.43,78.699997,2721600,77.74646800000001,-0.003661442504795973,45.2297361560447,-0.28518599999999594,-2.055281999999991,-1.6029279999999915,-0.8359764508310216,-0.4550314558289277,-0.006002100573617497,0.048265552240217904,-0.2915357895499649,-0.2380261985741361,0.020841183624430215,-0.057776113157107734,4,-0.0036547475976863946,-0.025754848734520122,-0.020200884704906785,0,0,0,0,0,1,0,0,0,0,0,0,0,0,0,1,1,1,1,0
263,2019-07-19,79.629997,80.480003,79.379997,2380400,78.53318,0.010068088270872884,43.76306171918413,0.7867119999999943,0.5015259999999984,-1.2685699999999969,-0.6402079785058552,-0.5558082523554952,0.04588318898072696,0.3363128824900922,0.1787220753079695,-0.18934062660260986,0.29595685572841113,-0.09188216980713904,5,0.010118941994895436,0.006427212218262071,-0.0158965185600566,1,1,1,0,0,0,0,0,0,0,1,1,0,0,0,0,0,0,0,0
264,2019-07-22,80.040001,80.480003,79.459999,1699500,78.238167,-0.0037636131076025643,36.83002003522037,-0.2950129999999973,0.491698999999997,0.20651300000000106,-0.6825370118460102,-0.7569188055645806,0.026426469206151992,0.0456247775448962,0.1769146560422446,0.02544490136584269,0.01879386427173843,-0.25310316506525443,1,-0.0037565395925645353,0.006324390196092213,0.002646528548529819,0,0,0,0,0,1,0,0,0,0,1,1,0,0,0,0,0,0,0,0
265,2019-07-23,80.129997,81.870003,79.650002,2702600,80.450783,0.027888008606278443,46.17020634495385,2.212615999999997,1.9176029999999997,2.704314999999994,-0.0476189720333795,-0.46064329385356073,0.17235308762887414,0.7194909837577701,0.43917235021888673,0.3891476362835768,0.6530367472424503,-0.03590641342383938,2,0.02828051940429531,0.02441774292089025,0.034783766640048445,1,1,1,1,0,0,0,0,0,0,1,1,1,1,0,0,0,0,0,0
266,2019-07-24,81.230003,82.860001,80.910004,2009900,81.355499,0.011182822040127273,47.82983505903468,0.9047159999999934,3.1173319999999904,2.822318999999993,-0.19047800453226915,-0.6652390938358391,0.23202098595055887,0.36802367694889915,0.6598310770173568,0.40633009411299326,0.31829416172643676,0.0026866032115495653,3,0.011245583526514507,0.03984413387394403,0.035937918214950584,1,1,1,0,0,0,0,0,0,0,1,1,1,1,1,0,0,0,0,0
267,2019-07-25,82.559998,82.760002,81.57,2180300,80.61796600000001,-0.009106900285263156,46.490893056029215,-0.7375329999999849,0.16718300000000852,2.3797990000000055,-0.5925911228712276,-0.614909767551762,0.1833791535380822,-0.07329204530781178,0.11722843741642965,0.34189514920711533,-0.0882762218911343,-0.028449162612091294,4,-0.009065558063874515,0.002078077972218226,0.030417366500930493,0,0,0,0,0,1,1,0,0,0,1,0,0,0,0,0,0,0,0,0
268,2019-07-26,81.620003,82.099998,81.129997,1783700,80.21476700000001,-0.0050139027939714335,41.61805937510644,-0.40319900000000075,-1.1407319999999856,-0.23601599999999223,-0.7089935836080675,-0.7320495023185754,0.15678734247758896,0.016552339243477432,-0.12332827052396517,-0.03899135402205754,-0.006259744115201485,-0.1417620679106052,5,-0.00500135416465358,-0.014021572161950427,-0.0029336693963561825,0,0,0,0,0,1,1,0,0,0,0,0,0,0,0,1,1,1,0,0
269,2019-07-29,81.449997,81.650002,80.66999799999999,2472500,79.723076,-0.0061485454573077265,43.24981602187117,-0.491691000000003,-0.8948900000000037,-1.6324229999999886,-0.7037009994163961,-0.5286056059308268,0.12435930031442677,-0.007227800609822754,-0.07811207360483935,-0.24232093937680882,-0.02899598936801187,-0.10381718850522859,1,-0.0061296818327727974,-0.011100379287664037,-0.020065306218575205,0,0,0,0,0,1,1,0,0,0,0,0,0,0,0,1,1,1,0,0
270,2019-07-30,80.589996,83.940002,79.739998,3136800,81.739021,0.024972421416284644,51.857601906464986,2.015944999999988,1.524253999999985,1.1210549999999841,1.0,-0.3323980269958946,0.25731505801309407,0.6666402866881084,0.36682610408542216,0.15861055124406728,0.5946135030355613,0.09634831900828811,2,0.025286844175455393,0.019002162033332153,0.013905771326455743,1,1,1,1,0,0,0,0,0,0,1,1,1,0,0,0,0,0,0,0
271,2019-07-31,83.08000200000001,83.379997,81.33000200000001,4566400,80.824471,-0.011251722478723128,62.81539318527632,-0.9145499999999913,1.1013949999999966,0.6097039999999936,-0.13756909380567306,0.08984848037333482,0.19699858697677364,-0.12086119298683004,0.2890522663643431,0.08415318544689228,-0.1312546899057142,0.35116086685246106,3,-0.01118865859673058,0.013815259712256918,0.0076008947330108625,0,0,0,0,0,1,1,1,0,0,1,1,1,0,0,0,0,0,0,0
272,2019-08-01,81.230003,82.839996,79.68,3125000,79.326614,-0.018706094648099063,54.95416406629326,-1.4978569999999962,-2.4124069999999875,-0.39646199999999965,0.44973209037233763,-0.3358832737690878,0.09821180838943455,-0.2776112047100223,-0.35721957964581436,-0.06235375384662875,-0.28062720984102585,0.16835579509787557,4,-0.018532221509992886,-0.02951352940720917,-0.004972989250941592,0,0,0,0,0,1,1,1,0,0,0,0,0,0,0,1,1,1,1,0
273,2019-08-02,79.57,80.029999,78.980003,2683500,78.66201,-0.008413364247181573,48.32249187262539,-0.6646040000000113,-2.1624610000000075,-3.077010999999999,-0.666668253965728,-0.4662846678677971,0.05437979492201972,-0.05369409499184358,-0.311248559416774,-0.45266611742909035,-0.0743789783244945,0.014142847877076647,5,-0.008378070946025898,-0.026755028189420597,-0.037644333909993846,0,0,0,0,0,1,1,0,0,0,0,0,0,0,0,1,1,1,1,0
274,2019-08-05,77.910004,78.029999,76.459999,3098500,76.211884,-0.03164291115249345,41.2777017496256,-2.4501259999999974,-3.1147300000000087,-4.612587000000005,-0.39153429915190063,-0.34371031101397065,-0.10721110105341936,-0.5335110600411457,-0.4863935005740305,-0.6762599775004804,-0.5398582808547362,-0.14967674629060568,1,-0.031147513265933548,-0.03926462813602517,-0.05706918885989374,0,0,0,0,0,1,1,1,1,1,0,0,0,0,0,1,1,1,1,1
275,2019-08-06,78.279999,79.08000200000001,77.099998,2404300,78.255302,0.026459175775681968,46.88948455498327,2.0434180000000026,-0.40670799999999474,-1.071312000000006,-0.17460131015664548,-0.5487491508402991,0.027556558027109546,0.6740230080888006,0.011676219056197881,-0.16061806409189075,0.6244054479696146,-0.0191803133692785,2,0.026812327589224833,-0.005170323005984652,-0.013505076619052541,1,1,1,1,0,0,0,0,0,0,0,0,0,0,0,1,1,0,0,0
276,2019-08-07,77.720001,78.459999,76.33000200000001,3220400,77.461739,-0.010192460181817058,46.33711853252821,-0.793563000000006,1.2498549999999966,-1.2002710000000008,-0.09524006046551792,-0.30770593968750937,-0.024780569199391422,-0.08834878756678294,0.3163575949681371,-0.1793956697596956,-0.11002893474267783,-0.03202503635615339,3,-0.010140693086840378,0.016399738917358304,-0.01525858543406151,0,0,0,0,0,1,1,1,0,0,1,1,1,0,0,0,0,0,0,0
277,2019-08-08,78.709999,80.019997,78.709999,1879000,79.118309,0.021160190355945685,45.608275611456605,1.656570000000002,0.8630069999999961,2.9064249999999987,-0.5291012765588143,-0.7039017042266003,0.08447366121407818,0.5700667234306478,0.2452070375134658,0.4185766942129984,0.5182230911913712,-0.04897355426190697,4,0.02138565466494371,0.011028096217684982,0.03813611273538388,1,1,1,1,0,0,0,0,0,0,1,1,1,0,0,0,0,0,0,0
278,2019-08-09,79.300003,79.709999,78.260002,2388300,78.39418,-0.009194624580521555,44.80206580337482,-0.7241289999999907,0.9324410000000114,0.13887800000000539,-0.45502784916214445,-0.5534749091768321,0.036715850427287755,-0.06969003614773528,0.2579776032299972,0.015596628974292263,-0.09003406262467434,-0.06772116224851987,5,-0.009152483276658387,0.012037439541604036,0.0017746784748208547,0,0,0,0,0,1,1,0,0,0,1,1,1,0,0,0,0,0,0,0
279,2019-08-12,78.550003,78.839996,77.769997,2286200,77.322868,-0.013759943652564091,38.06665143561654,-1.071312000000006,-1.7954409999999967,-0.13887099999999464,-0.6560846728814713,-0.5836311545618337,-0.03393939993503725,-0.16298728668663676,-0.24374484323622198,-0.024846156691131188,-0.18151503494602572,-0.2243465306430995,1,-0.013665708347226873,-0.022693116456773573,-0.0017927689436457739,0,0,0,0,0,1,1,1,0,0,0,0,0,0,0,1,1,1,1,0
280,2019-08-13,78.019997,80.370003,77.620003,2343500,78.771126,0.01855676214095153,38.495493820201,1.4482579999999956,0.37694599999998957,-0.34718300000000113,0.23280333417460097,-0.5667070325191247,0.06157622163854626,0.5140877819091465,0.15580884725017013,-0.05517828234247809,0.4660549643379835,-0.2143742271141177,2,0.018730008824814876,0.0048083416396470955,-0.004388149903456621,1,1,1,0,0,0,0,0,0,0,1,0,0,0,0,0,0,0,0,0
281,2019-08-14,77.599998,77.940002,74.949997,5155700,74.585075,-0.05460608822583133,35.938894075305,-4.186050999999992,-2.7377929999999964,-3.8091050000000024,0.359789905095393,0.2639040671057682,-0.21450253173531397,-1.0,-0.41706581198499226,-0.5592656757675277,-1.0,-0.2738254137847749,3,-0.0531419469616315,-0.03540728727237583,-0.04858912995837194,0,0,0,0,0,1,1,1,1,1,0,0,0,0,0,1,1,1,1,1
282,2019-08-15,75.279999,76.07,74.860001,2479600,75.299286,0.009530232519669809,35.471505864627346,0.7142109999999917,-3.4718400000000003,-2.0235820000000047,-0.5820107163851059,-0.5265085506689903,-0.16739883363753805,0.3168299470891053,-0.5520745318127522,-0.29927725460423366,0.28517917155952033,-0.28469406219801796,4,0.009575789794405806,-0.04407503328059574,-0.026170550218080433,1,1,0,0,0,0,0,0,0,0,0,0,0,0,0,1,1,1,1,1
283,2019-08-16,76.370003,77.68,76.300003,1655200,76.697937,0.018404158320996344,40.285487185770776,1.398651000000001,2.1128619999999927,-2.0731889999999993,-0.4920648274103233,-0.7700032489588564,-0.07515489669431741,0.5007570695543291,0.47508512913474293,-0.30650048589761164,0.46299705193160995,-0.17274971004679873,5,0.01857455859541618,0.028328214458455563,-0.026319148973444905,1,1,1,0,0,0,0,0,0,0,1,1,1,1,0,0,0,0,0,0
284,2019-08-19,78.910004,79.360001,78.440002,2158600,78.50329599999999,0.023265800157892983,38.61191104243822,1.8053589999999957,3.2040099999999967,3.9182209999999884,-0.7354496262704369,-0.6213190772956849,0.04391227714381252,0.6100502612491223,0.6757732248869501,0.5659034128155221,0.5604158117815067,-0.21166706029040117,1,0.02353856010494775,0.042550337064285,0.05253357994209952,1,1,1,1,0,0,0,0,0,0,1,1,1,1,1,0,0,0,0,0
285,2019-08-20,79.0,79.0,77.980003,1610000,77.531181,-0.012460420240114612,28.82726091483663,-0.9721149999999881,0.8332440000000076,2.2318950000000086,-0.6825407155438332,-0.7833535162595624,-0.02020072514307447,-0.13633043032642134,0.23973291320230855,0.3203589788840587,-0.15547486919873857,-0.43919937636937956,2,-0.012383110640347994,0.010863968870505704,0.029640320892285868,0,0,0,0,0,1,1,1,0,0,1,1,1,0,0,0,0,0,0,0
286,2019-08-21,79.260002,79.300003,78.260002,1483000,78.017235,0.006249572891693911,34.574047871525536,0.48605399999999577,-0.4860609999999923,1.3192980000000034,-0.6719566053598811,-0.8208642230557937,0.011855545168103276,0.25551812942751806,-0.0029186869164330997,0.18747653873158776,0.21944051717706453,-0.30556355605738605,3,0.006269142217761339,-0.006191599904289272,0.017201218854165576,1,1,0,0,0,0,0,0,0,0,0,0,0,0,0,1,1,0,0,0
287,2019-08-22,78.980003,79.08000200000001,77.730003,1631500,77.739494,-0.0035663472924934297,35.69588182617895,-0.277741000000006,0.20831299999998976,-0.7638019999999983,-0.5079367598887331,-0.7770032784948461,-0.00646205035111258,0.05026622056286374,0.12479322365833678,-0.11584180559960211,0.022746724583837863,-0.2794764221660798,4,-0.0035599954292151728,0.0026868286709058353,-0.009729553266145646,0,0,0,0,0,1,0,0,0,0,1,0,0,0,0,0,0,0,0,0
288,2019-08-23,77.889999,78.16999799999999,76.089996,4322800,75.97380799999999,-0.02297476721888113,34.46663193830605,-1.7656860000000023,-2.0434270000000083,-1.5573730000000126,-0.12169239943005694,0.01789880969961888,-0.1229127074811096,-0.34958393757592565,-0.2893553728006889,-0.2313929754086611,-0.36616390752509687,-0.3080614068492371,5,-0.022712856865263396,-0.02619199462785381,-0.02008705374938133,0,0,0,0,0,1,1,1,1,0,0,0,0,0,0,1,1,1,1,0
289,2019-08-26,77.160004,77.400002,76.050003,1670000,76.211884,0.00312875922939114,28.167901815512536,0.23807600000000662,-1.5276099999999957,-1.8053510000000017,-0.5079367598887407,-0.7656319224975634,-0.10721110105341936,0.18887988506032938,-0.19448434569289197,-0.2675008321560839,0.15690489507574143,-0.4545321170438521,1,0.0031336589051848846,-0.019650372306256533,-0.023140412499879054,1,0,0,0,0,0,0,0,0,0,0,0,0,0,0,1,1,1,0,0
290,2019-08-27,77.43,77.43,76.489998,1854000,76.241638,0.0003903353623771271,34.935920655589214,0.02975399999999695,0.26783000000000357,-1.4978559999999987,-0.7248660451861653,-0.7112857016274331,-0.10524876298637675,0.13289825627445828,0.13573981696638193,-0.22272675780049844,0.10203169256147412,-0.29714856404334467,2,0.0003904115531377882,0.00352529387496285,-0.019267632485490564,1,0,0,0,0,0,0,0,0,0,1,0,0,0,0,0,0,0,0,0
291,2019-08-28,76.5,77.989998,76.120003,1347000,77.243515,0.013055220133899308,33.7633316084749,1.0018770000000075,1.0316310000000044,1.269707000000011,-0.23280703787242418,-0.8610331689163246,-0.03917289501583632,0.3941334062836048,0.2762210057910246,0.18025563718402607,0.3558137294692179,-0.32441595717640515,3,0.013140811586445814,0.013536353464244559,0.016712430684006404,1,1,1,0,0,0,0,0,0,0,1,1,1,0,0,0,0,0,0,0
292,2019-08-29,78.949997,79.779999,78.800003,1646900,78.999268,0.022475622567367636,39.89643869242429,1.7557529999999986,2.757630000000006,2.787384000000003,-0.7037052322139145,-0.7724547360959331,0.07662266014400654,0.5967198176207411,0.5936733152671112,0.4012432397328833,0.5445820413161577,-0.18179664617673286,4,0.022730102326389452,0.03616960590484698,0.03657413849000247,1,1,1,1,0,0,0,0,0,0,1,1,1,1,1,0,0,0,0,0
293,2019-08-30,80.440002,81.290001,80.290001,2715700,80.07058,0.013469909118794698,48.04966098606557,1.071312000000006,2.8270650000000046,3.828942000000012,-0.6931211220299623,-0.45677407921552426,0.14727791050633066,0.41279242642908487,0.606444064907448,0.5529035767713874,0.3641233680619509,0.007798436711906609,5,0.013561037046571191,0.036599383132681164,0.050221140317053686,1,1,1,0,0,0,0,0,0,0,1,1,1,1,1,0,0,0,0,0
294,2019-09-03,79.519997,79.599998,77.620003,3527600,77.858521,-0.028015149351400804,39.165081227235575,-2.2120590000000107,-1.1407470000000046,0.615005999999994,-0.1746060720538518,-0.2169713796260746,0.001388027389896962,-0.4695361633899777,-0.12333102938109555,0.08492520496666765,-0.4671643088284322,-0.1988036373073221,2,-0.027626364140237405,-0.01443996924123404,0.007961911106712245,0,0,0,0,0,1,1,1,1,0,0,0,0,0,0,1,1,1,0,0
295,2019-09-04,79.300003,79.760002,78.91999799999999,1660100,78.533051,0.008626221657756538,49.2208240912731,0.6745300000000043,-1.5375290000000064,-0.4662170000000003,-0.7777749559127614,-0.7685559854682933,0.045874681162932696,0.3061666133468633,-0.1963086859489968,-0.07251071755879925,0.267064382355994,0.03503267098282947,3,0.008663534720881794,-0.019202171384296283,-0.005901535695242142,1,1,0,0,0,0,0,0,0,0,0,0,0,0,0,1,1,1,0,0
296,2019-09-05,80.43,82.41999799999999,80.279999,2243600,81.29068000000001,0.03451180480959468,57.2085925653316,2.7576290000000085,3.432159000000013,1.2201000000000022,-0.08994800537354197,-0.596213486132853,0.2277460383412402,0.8659503853066857,0.7177352578630206,0.17303240589064603,0.7857659842521083,0.2207802897023019,4,0.035114247630593245,0.044081995855020324,0.015237806445263692,1,1,1,1,1,0,0,0,0,0,1,1,1,1,1,0,0,0,0,0
297,2019-09-06,81.980003,83.489998,81.709999,1983900,82.58023100000001,0.01573894490545706,57.87510263147139,1.289551000000003,4.0471800000000115,4.721710000000016,-0.28042389350704433,-0.6729184511327053,0.3127946038011489,0.47143901528959403,0.8308522624651622,0.682898733812273,0.4095908582242423,0.236279319004427,5,0.0158634544575098,0.051534735356200685,0.06064474304617238,1,1,1,0,0,0,0,0,0,0,1,1,1,1,1,0,0,0,0,0
298,2019-09-09,83.82,84.93,83.489998,2055200,84.167351,0.019036772965809533,57.929036115282614,1.5871199999999845,2.8766709999999875,5.634299999999996,-0.46031620055628997,-0.6518592905455298,0.41746846254169423,0.5514036723886093,0.6155677893498522,0.8157801547009457,0.4756735378242695,0.23753348857878498,1,0.0192191276384294,0.035387463851944495,0.07174431565125358,1,1,1,0,0,0,0,0,0,0,1,1,1,1,1,0,0,0,0,0
299,2019-09-10,85.0,86.860001,85.0,3290300,86.14134200000001,0.02318236808681714,65.5798688244196,1.9739910000000123,3.561110999999997,4.850662,-0.2380948601668893,-0.2870602829547806,0.5476572668470459,0.6553661377548178,0.7414526008113973,0.7016753202162817,0.5587439796785673,0.4154460008853902,2,0.023453167725333453,0.04312304478780153,0.05967057970237177,1,1,1,1,0,0,0,0,0,0,1,1,1,1,1,0,0,0,0,0
300,2019-09-11,86.889999,88.07,85.82,1999300,87.32177,0.013610342952436892,66.35270243779892,1.180427999999992,3.1544190000000043,4.741538999999989,-0.031746510455274324,-0.6683699087337922,0.6255089439258965,0.442114780316807,0.666652259301671,0.6857860169238542,0.3669374153269222,0.43341747862886537,3,0.013703385303655844,0.03747794082292081,0.05741736178965143,1,1,1,0,0,0,0,0,0,0,1,1,1,1,1,0,0,0,0,0
301,2019-09-12,88.010002,88.099998,86.699997,2330300,86.597649,-0.008327134352697683,72.14202235956432,-0.7241209999999967,0.45630699999999536,2.4302980000000076,-0.4814807172263712,-0.5706057831467645,0.5777516607557125,-0.06968788633624176,0.1704052246132703,0.34924826382973617,-0.07265108275661156,0.5680423607803067,4,-0.008292559804960397,0.005297189356534465,0.02887459295231957,0,0,0,0,0,1,1,0,0,0,1,1,0,0,0,0,0,0,0,0
302,2019-09-13,87.910004,89.07,87.139999,3175600,86.766281,0.0019454110573526166,84.38314863052162,0.16863200000000234,-0.5554889999999943,0.6249389999999977,-0.20105788191871032,-0.320938063029802,0.5888732912229333,0.17021844637691574,-0.015688149090111278,0.08637154029106055,0.1331926770106972,0.8526975886651755,5,0.0019473045971490788,-0.006361403347641651,0.007254809194869493,1,0,0,0,0,0,0,0,0,0,0,0,0,0,0,1,1,0,0,0
303,2019-09-16,86.970001,86.989998,85.860001,1563400,85.764404,-0.011614029835297345,84.15793448302456,-1.0018770000000075,-0.8332450000000051,-1.5573660000000018,-0.624339749725261,-0.797117287414715,0.5227974232523938,-0.1443282665411567,-0.06677409043239665,-0.23139195614486502,-0.13851469270848854,0.8474604574519495,1,-0.011546847328860474,-0.009622027960597464,-0.017834796523249607,0,0,0,0,0,1,1,1,0,0,0,0,0,0,0,1,1,0,0,0
304,2019-09-17,85.540001,86.209999,85.050003,1500900,85.40729499999999,-0.004172529923952909,79.09929534768011,-0.35710900000000834,-1.3589860000000158,-1.1903540000000135,-0.6084672881471633,-0.8155772809167972,0.49924534337123827,0.028937940719750962,-0.1634703774153384,-0.17795166418112107,0.010599889794168219,0.729826830938743,2,-0.004163837015645889,-0.015662605154184443,-0.013745800420055439,0,0,0,0,0,1,0,0,0,0,0,0,0,0,0,1,1,1,0,0
305,2019-09-18,85.43,85.860001,84.050003,2518800,84.29630999999999,-0.013093426884194839,72.0196791023715,-1.1109849999999994,-1.4680940000000078,-2.4699710000000152,-0.2645514319289466,-0.5149304427444843,0.42597357630078037,-0.1736484706173853,-0.18353793630866005,-0.3642755611702452,-0.1681592100679139,0.5651973899021754,3,-0.013008080867096886,-0.017117754354125842,-0.02846694558684629,0,0,0,0,0,1,1,1,0,0,0,0,0,0,0,1,1,1,0,0
306,2019-09-19,85.339996,85.720001,84.379997,1835700,83.830093,-0.0055460437705862845,66.55640453670125,-0.4662169999999861,-1.5772019999999856,-1.934310999999994,-0.5132251112828937,-0.7166907877248428,0.3952255973197083,-0.0003822633564738165,-0.20360549520197907,-0.2862785834330019,-0.016922914242975318,0.4381543685277334,4,-0.005530692861881928,-0.018466830028980377,-0.022553774174189956,0,0,0,0,0,1,1,0,0,0,0,0,0,0,0,1,1,1,0,0
307,2019-09-20,84.800003,85.309998,83.489998,3040700,82.89765200000001,-0.011185309578121817,57.730226029090375,-0.9324409999999972,-1.3986579999999833,-2.5096429999999827,-0.25925937683697053,-0.3607821130046964,0.33372917769303,-0.12566897766923663,-0.17076700274451007,-0.3700521659209999,-0.12992389207410263,0.23291035757448109,5,-0.01112298658669026,-0.016592161626054373,-0.029384410312959602,0,0,0,0,0,1,1,1,0,0,0,0,0,0,0,1,1,1,0,0
308,2019-09-23,82.970001,84.43,82.709999,2207600,83.23492399999999,0.0040602809090496805,59.73044801172235,0.3372719999999845,-0.5951690000000127,-1.0613859999999988,-0.31216881666324714,-0.6068464423900524,0.35597296624407804,0.21553647269409715,-0.022986245809759984,-0.15917274803129183,0.17557095272665948,0.2794235322353207,1,0.00406853501713154,-0.007099705829981755,-0.012591132399508341,1,0,0,0,0,0,0,0,0,0,0,0,0,0,0,1,1,0,0,0
309,2019-09-24,84.139999,84.290001,81.800003,2784500,81.65770699999999,-0.019130813714195106,52.83657447615113,-1.5772170000000045,-1.23994500000002,-2.1723860000000172,0.09523635676768727,-0.43645331836843204,0.2519522309114075,-0.2989373347416416,-0.14157590333259476,-0.3209444731294423,-0.28913783363681217,0.11911335334815942,2,-0.01894898107914419,-0.014957540655072111,-0.02591415471768613,0,0,0,0,0,1,1,1,0,0,0,0,0,0,0,1,1,1,0,0
310,2019-09-25,82.040001,83.18,81.800003,2382600,82.00489,0.004242673978618716,45.99507438873225,0.34718300000001534,-1.2300339999999892,-0.8927620000000047,-0.4920648274103233,-0.555158460584222,0.2748496704869412,0.21819982041012556,-0.1397530344669539,-0.13461955687652216,0.17922578935155856,-0.03997893304374234,3,0.004251686861596731,-0.014777859351442301,-0.01076944857256035,1,0,0,0,0,0,0,0,0,0,0,0,0,0,0,1,1,1,0,0
311,2019-09-26,82.629997,82.83000200000001,82.0,1900800,81.82634,-0.0021796829663207006,40.195478327106045,-0.17855000000000132,0.16863300000001402,-1.4085839999999905,-0.7830670110047375,-0.6974628584930739,0.263073927330705,0.07692146456445428,0.11749512693869592,-0.20972794102015355,0.05053304112378088,-0.1748427766166335,4,-0.002177309182415845,0.0020651204423363743,-0.0169229925649958,0,0,0,0,0,1,0,0,0,0,1,0,0,0,0,0,0,0,0,0
312,2019-09-27,82.889999,83.290001,81.779999,1503800,82.342163,0.006284088458507953,39.116183837942515,0.5158229999999975,0.33727299999999616,0.6844560000000115,-0.423279222308111,-0.8147207372183006,0.2970935249900659,0.26351784672730694,0.14851203799718524,0.0950377578992232,0.220132148487504,-0.19994069750783772,5,0.006303874766975982,0.004112840100145201,0.008382013469959567,1,1,0,0,0,0,0,0,0,0,1,0,0,0,0,0,0,0,0,0
313,2019-09-30,83.349998,83.559998,82.769997,1749300,82.481033,0.0016850787538424032,35.8602046025043,0.13886999999999716,0.6546929999999946,0.4761429999999933,-0.8042315276748262,-0.7422098827421214,0.30625228977363594,0.1622206101621842,0.20689313327817835,0.06470548663876108,0.12797607508738051,-0.27565525928398915,1,0.0016864992968425806,0.008001005544180451,0.005806275698924702,1,0,0,0,0,0,0,0,0,0,1,1,0,0,0,0,0,0,0,0
314,2019-10-01,83.91999799999999,84.050003,80.410004,1806500,80.14994,-0.0286692334196793,29.414106865714487,-2.3310929999999956,-2.1922229999999985,-1.676400000000001,0.7037015285160912,-0.7253152966890157,0.15251186725166122,-0.5015237460787778,-0.3167224998041232,-0.24872439136118618,-0.480271004242659,-0.425552856908439,2,-0.028262170285864335,-0.026623335119336112,-0.020487290522831658,0,0,0,0,0,1,1,1,1,0,0,0,0,0,0,1,1,1,1,0
315,2019-10-02,79.68,79.68,76.860001,2757700,77.134399,-0.038349788559674254,21.357984917285705,-3.015540999999999,-5.346633999999995,-5.207763999999997,0.26983978332309944,-0.44436896358212497,-0.046369321732362856,-0.6854530183554951,-0.8968937843684651,-0.7629231728458801,-0.6742523192049406,-0.6128899677541186,3,-0.03762374619369645,-0.0648225877578424,-0.06324541170967293,0,0,0,0,0,1,1,1,1,1,0,0,0,0,0,1,1,1,1,1
316,2019-10-03,77.57,78.650002,76.43,1550000,77.838684,0.009089189360787583,11.187947973881975,0.7042849999999987,-2.311256,-4.642348999999996,-0.04761844293369144,-0.8010751100215614,7.973605979216813e-05,0.3141625684765337,-0.33861550249640027,-0.6805935959364566,0.2763414416279353,-0.8493840712902084,4,0.009130621475380896,-0.028836652903296,-0.05628383679433302,1,1,0,0,0,0,0,0,0,0,0,0,0,0,0,1,1,1,1,0
317,2019-10-04,78.540001,79.41999799999999,78.43,1500600,78.68184699999999,0.01077393682008888,16.21782852552728,0.8431629999999899,1.5474479999999886,-1.4680930000000103,-0.698413177121946,-0.8156658888856072,0.05568808625212451,0.35148275857898736,0.3710920328988163,-0.21839299375540908,0.3101008203834391,-0.7324191970646039,5,0.010832184675681181,0.02006171072908714,-0.01831683217729184,1,1,1,0,0,0,0,0,0,0,1,1,1,1,0,0,0,0,0,0
318,2019-10-07,79.129997,79.550003,78.089996,1929500,77.670052,-0.012942716149607417,16.06361592879223,-1.0117949999999922,-0.16863200000000234,0.5356529999999964,-0.4497315612726499,-0.6889860294769178,-0.011041894407428643,-0.14699349534223094,0.05546406367883457,0.07337068498312767,-0.16513923176590356,-0.7360052577664269,1,-0.012859319380237634,-0.002166429226886754,0.006944411403270237,0,0,0,0,0,1,1,1,0,0,0,0,0,0,0,1,0,0,0,0
319,2019-10-08,77.379997,77.389999,76.199997,1756800,75.636543,-0.026530212516237873,16.609019343252797,-2.033508999999995,-3.0453039999999874,-2.2021409999999975,-0.5925911228712276,-0.7399946835218715,-0.14515603436762703,-0.42155505808320404,-0.47362440624796565,-0.3252770723016225,-0.43740878388640037,-0.7233224433099825,2,-0.026181378119844636,-0.03870402279702442,-0.028291087243972387,0,0,0,0,0,1,1,1,1,0,0,0,0,0,0,1,1,1,1,1
320,2019-10-09,76.690002,77.66999799999999,76.110001,2219000,76.767372,0.014840166717694937,23.765470741478822,1.1308289999999914,-0.9026800000000037,-1.914474999999996,-0.3968268833435722,-0.6034793395752726,-0.07057551430253284,0.4287862177734831,-0.07954484007273341,-0.2833902810576225,0.39158092261618954,-0.5569062771405188,3,0.014950828728383202,-0.011621982691604272,-0.024331851284578973,1,1,1,0,0,0,0,0,0,0,0,0,0,0,0,1,1,1,0,0
321,2019-10-10,77.650002,79.199997,77.5,1888500,77.967636,0.015514111376318125,31.49853032411724,1.2002640000000042,2.3310929999999956,0.2975840000000005,-0.3227529268472068,-0.7010957852142837,0.0085843881543477,0.44744523791896695,0.5152230057785165,0.038705668941372236,0.40508558936318356,-0.3770816605963859,4,0.015635079966004363,0.03081966609711387,0.0038313866456533402,1,1,1,0,0,0,0,0,0,0,1,1,1,1,1,0,0,0,0,0
322,2019-10-11,80.220001,82.809998,80.099998,2704700,80.705437,0.03451212848454449,40.65996057014699,2.7378010000000046,3.938065000000009,5.068894,0.2116393466042077,-0.4600230380718907,0.1891480475712326,0.8606220775160229,0.8107834161051793,0.7334518882735446,0.7857724701293618,-0.16404170359323134,5,0.035114582671199684,0.05129868194524113,0.06701646848137943,1,1,1,1,1,0,0,0,0,0,1,1,1,1,1,0,0,0,0,0
323,2019-10-14,80.910004,81.269997,80.400002,1591700,80.209457,-0.0061645203663564675,42.560427428965255,-0.495980000000003,2.2418210000000016,3.442085000000006,-0.7619067271321747,-0.7887586023569721,0.15643713695443218,-0.00838036829764538,0.4988037595497834,0.4965736719502396,-0.02931609847527525,-0.1198482352137693,1,-0.006145558693895716,0.028753225248486457,0.04483786419053144,0,0,0,0,0,1,1,0,0,0,1,1,1,1,0,0,0,0,0,0
324,2019-10-15,80.879997,82.489998,80.099998,1915700,81.45931999999999,0.015462328903675384,50.668096386887726,1.2498629999999906,0.7538829999999876,3.4916839999999922,0.04232744604109118,-0.6930619960421776,0.2388681964250674,0.46077380046228705,0.2251365358392058,0.5037957383707085,0.4040479596002232,0.0686875501173636,2,0.015582489231911776,0.00934116743584435,0.04478376130321551,1,1,1,0,0,0,0,0,0,0,1,1,0,0,0,0,0,0,0,0
325,2019-10-16,80.809998,82.870003,80.809998,2590600,80.417763,-0.012868669911457032,59.038590463471024,-1.0415569999999974,0.20830599999999322,-0.28767400000000976,-0.1322728059161784,-0.4937236022092921,0.17017535008186258,-0.15499133155696254,0.1247919361916782,-0.046513229607226717,-0.16365547526261387,0.2633350724235304,3,-0.012786222620075855,0.0025970254355417617,-0.0035644934305976155,0,0,0,0,0,1,1,1,0,0,1,0,0,0,0,0,0,0,0,0
326,2019-10-17,81.800003,82.519997,81.040001,4678300,80.75503499999999,0.004185228481401847,63.34325559082964,0.3372719999999987,-0.7042849999999987,0.5455779999999919,-0.43915538758403927,0.12289925273946278,0.1924191386329115,0.21553647269410098,-0.0430552760935482,0.07481585543461136,0.17807468252683195,0.36343578257660747,4,0.004193998781090177,-0.008645849241069025,0.006801916138143061,1,0,0,0,0,0,0,0,0,0,0,0,0,0,0,1,1,0,0,0
327,2019-10-18,81.470001,82.910004,81.389999,1981800,81.895775,0.0140270891266873,63.60454960041579,1.140740000000008,1.4780120000000068,0.43645500000000936,-0.4179866381164471,-0.6735387069143753,0.26765330972249046,0.43144956548950764,0.35832109933467415,0.058926552142188005,0.37528827637957013,0.36951191513151493,5,0.014125930352206623,0.01837917326797572,0.005357950446922579,1,1,1,0,0,0,0,0,0,0,1,1,1,0,0,0,0,0,0,0
328,2019-10-21,83.0,84.040001,82.970001,1869500,82.82821700000001,0.011321386134575475,69.68868219142566,0.9324420000000089,2.073182000000017,2.4104540000000156,-0.6560841437817759,-0.7067076232389168,0.32914979530124455,0.3754743861381247,0.46778703241510206,0.3463587965814496,0.3210707427033449,0.5109923729619881,1,0.011385715563470874,0.025672479740737122,0.029974148870567513,1,1,1,0,0,0,0,0,0,0,1,1,1,1,0,0,0,0,0,0
329,2019-10-22,83.709999,85.160004,83.18,1617000,84.038399,0.014505036981830567,77.6690585007738,1.210181999999989,2.142623999999998,3.283364000000006,-0.17460131015665303,-0.7812859969873291,0.4089638104471387,0.45011046672004124,0.4805590695220948,0.47346244784645647,0.3848655115776893,0.696568094236437,2,0.014610745514417977,0.026162814870486273,0.04065831932337106,1,1,1,0,0,0,0,0,0,0,1,1,1,1,0,0,0,0,0,0
330,2019-10-23,84.75,84.91999799999999,84.019997,1542800,83.978889,-0.0007083795149522893,82.76918834870696,-0.05951000000000306,1.150671999999986,2.083113999999995,-0.7460305618562539,-0.8032017012730013,0.40503900240889923,0.10891065961187936,0.29811547987376563,0.29869510936846033,0.0800153770102677,0.815166546043135,3,-0.0007081286734175298,0.013892270553161681,0.025436159557681637,0,0,0,0,0,1,0,0,0,0,1,1,1,0,0,0,0,0,0,0
331,2019-10-24,84.989998,85.16999799999999,83.870003,1546900,83.572182,-0.004854732307699374,77.45882851589442,-0.40670699999999727,-0.4662170000000003,0.7439649999999887,-0.5343938607504859,-0.8019907256992647,0.37821583146606486,0.015609646902867078,0.0007310971386219195,0.1037028106344725,-0.0030702472543576165,0.6916794048356869,4,-0.004842967141420474,-0.005547666370940745,0.008982023601932522,0,0,0,0,0,1,0,0,0,0,0,0,0,0,0,1,1,0,0,0
332,2019-10-25,84.849998,85.910004,84.269997,2083400,84.93115999999999,0.016130332484964805,83.90018497679267,1.3589779999999934,0.9522709999999961,0.892760999999993,-0.3544936172058988,-0.6435301414773903,0.4678432517011508,0.49009588562357675,0.2616248123517324,0.12536886428677196,0.41743357759672406,0.8414667488005059,5,0.016261128613346405,0.011339409360369082,0.010623250926043855,1,1,1,0,0,0,0,0,0,0,1,1,1,0,0,0,0,0,0,0
333,2019-10-28,86.480003,87.629997,86.480003,3246400,86.518288,0.018514767551192638,90.00711305481273,1.587128000000007,2.9461060000000003,2.539399000000003,-0.6137593432391318,-0.30002658239064317,0.5725176380583044,0.5514058222001105,0.6283385389901915,0.3651343637216644,0.46521346654938295,0.9834772930303839,1,0.01868722857429484,0.03525223261491486,0.03023854006927864,1,1,1,0,0,0,0,0,0,0,1,1,1,1,1,0,0,0,0,0
334,2019-10-29,86.489998,89.449997,85.629997,3551800,88.244286,0.01975313228514043,90.52426968735676,1.7259980000000041,3.313126000000011,4.6721040000000045,0.7989400016825305,-0.20982367014206837,0.6863507891990288,0.5887238624910707,0.6958422551707436,0.675675648128006,0.490028119843557,0.995503256641123,2,0.01994951633809495,0.039009546084146404,0.05590501394351537,1,1,1,0,0,0,0,0,0,0,1,1,1,1,1,0,0,0,0,0
335,2019-10-30,88.980003,88.980003,87.220001,2327000,87.540001,-0.00801310265571928,90.71764468233971,-0.7042849999999987,1.0217130000000054,2.6088410000000124,-0.29100429999317345,-0.5715804708036744,0.6399017314068738,-0.06435742873408559,0.2743968494587304,0.37524575178131075,-0.06635843934528143,1.0000000000000002,3,-0.007981083330426615,0.011809214255372291,0.030717124315740096,0,0,0,0,0,1,1,0,0,0,1,1,1,0,0,0,0,0,0,0
336,2019-10-31,87.410004,87.540001,85.93,1953400,87.110001,-0.004924143875559781,84.3462963888563,-0.4300000000000068,-1.1342850000000055,0.5917129999999986,-0.37036978248182695,-0.6819269279617215,0.6115423387595404,0.009350202008377911,-0.12214251373083493,0.08153353188592022,-0.004461133108777979,0.8518406264039335,4,-0.004912040154077754,-0.012853920082712274,0.006839166766684041,0,0,0,0,0,1,0,0,0,0,0,0,0,0,0,1,1,1,0,0
337,2019-11-01,87.610001,88.639999,86.889999,2250100,88.610001,0.017073030034080068,89.30977134700719,1.5,1.0699999999999932,0.36571499999999446,-0.2962963550851495,-0.5942936468086365,0.710470452645585,0.5279922252067275,0.28327797839777835,0.04862616345321826,0.43632358003404237,0.9672613045375631,5,0.017219607195274857,0.012222983639216466,0.004144347657818824,1,1,1,0,0,0,0,0,0,0,1,1,1,0,0,0,0,0,0,0
338,2019-11-04,89.5,91.199997,89.190002,2523100,91.160004,0.02837151891175799,89.57920633752403,2.550003000000004,4.050003000000004,3.620002999999997,-0.15873308137606634,-0.513660395191541,0.8786484441080891,0.8101557901208916,0.83137147937644,0.5224801542058749,0.6627254441713318,0.9735267475146274,1,0.028777823848574427,0.04649297386645655,0.04135255835786427,1,1,1,1,0,0,0,0,0,0,1,1,1,1,1,0,0,0,0,0
339,2019-11-05,90.870003,91.650002,89.889999,2242100,90.639999,-0.005720642569282632,89.55245992773311,-0.5200049999999976,2.029998000000006,3.529998000000006,-0.2910037708934855,-0.596656525976903,0.8443530348672139,-0.014836520943934256,0.4598444666706151,0.5093746059453373,-0.02042156737517263,0.9729047863318401,2,-0.005704310851061367,0.022909355344663707,0.040523452640070644,0,0,0,0,0,1,1,0,0,0,1,1,1,1,0,0,0,0,0,0
340,2019-11-06,90.75,91.220001,90.010002,2097400,91.199997,0.006159258498454085,88.80979165683937,0.5599979999999931,0.039992999999995504,2.5899959999999993,-0.5820107163851059,-0.6393951029329239,0.8812860654805181,0.2753888370769364,0.09383516821855205,0.3725017480374073,0.21763077543112874,0.9556347736537021,3,0.006178265734535071,0.00043871213520345505,0.029229161164324998,1,1,0,0,0,0,0,0,0,0,1,0,0,0,0,0,0,0,0,0
341,2019-11-07,91.889999,92.150002,90.68,1885900,90.900002,-0.003294840999915119,88.84906097765958,-0.29999499999999557,0.26000299999999754,-0.26000200000000007,-0.4444432098785044,-0.7018637209439703,0.861500772463689,0.04428598243630902,0.13430024531757376,-0.042483934218462076,0.02818723361387085,0.9565479426889307,4,-0.003289418967853646,0.0028685238621858054,-0.0028521499406691563,0,0,0,0,0,1,0,0,0,0,1,0,0,0,0,0,0,0,0,0
342,2019-11-08,90.66999799999999,92.370003,90.459999,1981000,92.220001,0.01441701443656115,88.95555024912643,1.3199989999999957,1.0200040000000001,1.5800019999999932,-0.211638288404832,-0.673774994831202,0.948557446731332,0.479621197840029,0.2740825236700733,0.2254374170574076,0.38310169443799397,0.959024244882513,5,0.014521440824610715,0.011184254753868032,0.017431619786315238,1,1,1,0,0,0,0,0,0,0,1,1,1,0,0,0,0,0,0,0
343,2019-11-11,90.980003,92.0,90.980003,1110000,91.879997,-0.003693692452581452,85.02126848721913,-0.3400039999999933,0.9799950000000024,0.6800000000000068,-0.6825407155438332,-0.9310334642762207,0.9261334771088592,0.03353450642276419,0.2667239160174455,0.09438892368946793,0.020194951338324413,0.8675364318570025,1,-0.003686879161929236,0.010781022865104033,0.007456140596145051,0,0,0,0,0,1,0,0,0,0,1,1,1,0,0,0,0,0,0,0
344,2019-11-12,91.599998,92.959999,91.540001,3600200,92.349998,0.00510233981889538,86.07147969942072,0.47000099999999634,0.12999700000000303,1.4499959999999987,-0.47090031074024963,-0.1955282511740557,0.9571310187452289,0.2512042639361177,0.11038904667507957,0.20650735864776865,0.19645198224168128,0.8919580500414142,2,0.005115378921921344,0.001409639976039504,0.015951550804146283,1,1,0,0,0,0,0,0,0,0,1,0,0,0,0,0,0,0,0,0
345,2019-11-13,91.480003,91.849998,90.57,2115900,90.779999,-0.017146698975830734,84.2473663749798,-1.5699989999999957,-1.0999979999999994,-1.4400019999999927,-0.5449742672366075,-0.6339309448563075,0.8535863254965781,-0.2969976673201648,-0.11583631811020681,-0.21430268814808692,-0.249379660637638,0.8495401072342652,3,-0.017000530958322227,-0.011972116194126555,-0.01561485561033547,0,0,0,0,0,1,1,1,0,0,0,0,0,0,0,1,1,1,0,0
346,2019-11-14,90.610001,91.18,90.489998,1166800,90.889999,0.0012109871156911192,80.16990115021517,0.10999999999999943,-1.4599989999999963,-0.9899979999999999,-0.8571409675011028,-0.9142570221815283,0.8608410538482216,0.15446247792916082,-0.18204907307918394,-0.14877800463677662,0.11847611170188647,0.7547227050560228,4,0.0012117206566613801,-0.015809410196197256,-0.010774902397961549,1,0,0,0,0,0,0,0,0,0,0,0,0,0,0,1,1,1,0,0
347,2019-11-15,91.699997,92.160004,91.360001,1914000,91.790001,0.00985339699706408,79.40784118191101,0.9000020000000006,1.010002,-0.5599969999999956,-0.7989394725828427,-0.6935641078654341,0.9201980540840005,0.36675690052540005,0.27224291773786835,-0.08616594022279883,0.29165481984285546,0.7370017577234051,5,0.009902101550248676,0.01112582078790285,-0.006063855031160863,1,1,0,0,0,0,0,0,0,0,1,1,1,0,0,0,0,0,0,0
348,2019-11-18,90.910004,91.66999799999999,90.199997,2306800,90.730003,-0.011615273878757293,70.75717823404335,-1.0599980000000073,-0.1599960000000067,-0.04999600000000726,-0.44444373897819234,-0.5775467407035474,0.8502889855086799,-0.15994691577965986,0.057052429688684,-0.011905146728848702,-0.13853962115347349,0.5358391867087786,1,-0.011548077006775577,-0.0017603256877580854,-0.0005507380540950134,0,0,0,0,0,1,1,1,0,0,0,0,0,0,0,1,0,0,0,0
349,2019-11-19,90.730003,90.860001,89.870003,2873800,90.209999,-0.005747821663373547,61.81004206290379,-0.5200040000000001,-1.5800020000000075,-0.6800000000000068,-0.6984131771219384,-0.41007767965265696,0.8159936422198806,-0.014836252217498042,-0.20412048186566778,-0.10363947067010292,-0.020966188663414376,0.32778242548124226,2,-0.0057313345399095834,-0.017213225654066692,-0.007481571212251931,0,0,0,0,0,1,1,0,0,0,0,0,0,0,0,1,1,1,0,0
350,2019-11-20,89.900002,90.230003,89.150002,1855700,89.82,-0.004332606923709874,61.88177034100311,-0.3899990000000031,-0.9100030000000032,-1.9700010000000105,-0.6507926177894953,-0.7107835898041766,0.7902723985615845,0.020099528210429235,-0.08089171412207716,-0.29147537269380797,0.0073922279959535014,0.32945039531475295,3,-0.004323234722572196,-0.010029791357992165,-0.021462043561803756,0,0,0,0,0,1,0,0,0,0,0,0,0,0,0,1,1,1,0,0
351,2019-11-21,89.980003,90.190002,89.360001,1609900,90.160004,0.0037782464375002724,61.11818476788819,0.3400040000000075,-0.04999499999999557,-0.5699989999999957,-0.7830675401044254,-0.7833830522491657,0.8126963681840591,0.21627063331968774,0.07728423254296288,-0.08762232257602266,0.16991947748947853,0.311693971558197,4,0.0037853930082387835,-0.0005542068568252126,-0.0062823650518340195,1,0,0,0,0,0,0,0,0,0,0,0,0,0,0,1,0,0,0,0
352,2019-11-22,90.68,91.07,90.25,1652300,90.739998,0.006412338097729128,59.937332169327256,0.5799939999999992,0.9199980000000068,0.5299990000000037,-0.788359066096721,-0.770859792657353,0.8509481765075408,0.2807622909089972,0.25568903928134346,0.07254741105540151,0.2227020459055538,0.2842344177474254,5,0.006432941152043419,0.010242685370741559,0.005875169115122191,1,1,0,0,0,0,0,0,0,0,1,1,1,0,0,0,0,0,0,0
353,2019-11-25,91.370003,92.529999,90.709999,3961100,92.150002,0.015419453624754673,62.27426422743047,1.4100040000000007,1.989998,2.3300020000000075,-0.259259376836963,-0.08893286469563177,0.9439408673687266,0.5038079207923449,0.45248751433226186,0.3346442521821719,0.40318881434830967,0.33857745063722544,1,0.015538946782872981,0.022071849065135356,0.025940792696504206,1,1,1,0,0,0,0,0,0,0,1,1,1,1,0,0,0,0,0,0
354,2019-11-26,91.959999,92.769997,91.699997,2510300,92.699997,0.005950734389773304,62.83534808126873,0.5499949999999956,1.9599989999999963,2.5399929999999955,-0.6560841437817759,-0.5174410018607675,0.9802141793665626,0.272700766528723,0.44696998400230553,0.3652208555350821,0.2134523186981963,0.3516248981303358,2,0.005968475182453014,0.02160016578356103,0.028172059530964477,1,1,0,0,0,0,0,0,0,0,1,1,1,1,0,0,0,0,0,0
355,2019-11-27,92.66999799999999,93.120003,91.839996,1477500,93.0,0.0032310529439065127,62.36035157189775,0.3000030000000038,0.8499979999999994,2.260002,-0.5449695053394086,-0.8224887024839769,1.0,0.20552130711763644,0.24281437268922582,0.32445161423719304,0.1589546813707533,0.34057932629105925,3,0.0032362784218860742,0.009224069251783623,0.024906348355881604,1,0,0,0,0,0,0,0,0,0,1,1,0,0,0,0,0,0,0,0
